id,gold,prediction,p_entailment,p_not_entailment
0,0,1,0.259699212583505,0.740300787416495
1,1,1,0.33170837502868405,0.6682916249713159
2,1,1,0.2470349895089532,0.7529650104910468
3,0,1,0.36689134594237244,0.6331086540576276
4,1,1,0.3478455096650903,0.6521544903349097
5,1,1,0.43068251072476676,0.5693174892752333
6,1,1,0.33106430930026043,0.6689356906997396
7,1,1,0.25514492122210286,0.7448550787778971
8,1,1,0.3353823651743962,0.6646176348256039
9,0,1,0.32187078423831267,0.6781292157616873
10,1,1,0.33984556539245964,0.6601544346075403
11,0,1,0.35010858547388846,0.6498914145261117
12,0,1,0.2534058865873327,0.7465941134126672
13,1,1,0.3475351922619271,0.6524648077380729
14,1,1,0.36630087238327835,0.6336991276167216
15,0,1,0.2721884458997005,0.7278115541002996
16,0,1,0.41041263108896586,0.5895873689110342
17,0,1,0.40032793254756716,0.5996720674524327
18,0,1,0.355033079272413,0.644966920727587
19,1,1,0.295115079105666,0.704884920894334
20,0,1,0.25545562180498504,0.744544378195015
21,1,1,0.3823322636340877,0.6176677363659122
22,1,1,0.3593916044232637,0.6406083955767362
23,0,1,0.3354389295329298,0.6645610704670701
24,0,1,0.3818240994798393,0.6181759005201608
25,0,1,0.36670563049725896,0.6332943695027409
26,1,1,0.3563256549243004,0.6436743450756996
27,0,1,0.32533967667506053,0.6746603233249395
28,0,1,0.3442710005512294,0.6557289994487705
29,0,1,0.3659457705016922,0.6340542294983078
30,0,1,0.27153704719431054,0.7284629528056894
31,0,1,0.3074906439019334,0.6925093560980666
32,1,1,0.3400722490235933,0.6599277509764067
33,1,1,0.3250089279715229,0.6749910720284771
34,1,1,0.3490920406885462,0.6509079593114537
35,1,1,0.33971218856778823,0.6602878114322119
36,0,1,0.3758658480573636,0.6241341519426362
37,0,1,0.30151593848621683,0.6984840615137831
38,0,1,0.3502516165947297,0.6497483834052702
39,0,1,0.3853588080003484,0.6146411919996515
40,1,1,0.33999668834454777,0.6600033116554523
41,0,1,0.2914619776085542,0.7085380223914457
42,1,1,0.3339385123261486,0.6660614876738515
43,1,1,0.299308780296481,0.700691219703519
44,1,1,0.23748021711016737,0.7625197828898327
45,1,1,0.297351314220123,0.702648685779877
46,0,1,0.281726523766193,0.718273476233807
47,0,1,0.3025689558046149,0.697431044195385
48,1,1,0.3222615653597234,0.6777384346402767
49,0,1,0.3787801287181833,0.6212198712818168
50,1,1,0.30686665827639925,0.6931333417236007
51,0,1,0.3069807900166212,0.693019209983379
52,0,1,0.31239102659893647,0.6876089734010635
53,1,1,0.31463828226427987,0.6853617177357201
54,1,1,0.3325549261101534,0.6674450738898466
55,1,1,0.3341261523061426,0.6658738476938573
56,0,1,0.32790733099959046,0.6720926690004094
57,0,1,0.3295859389022345,0.6704140610977656
58,1,1,0.3098607890812486,0.6901392109187513
59,0,1,0.3937328356151075,0.6062671643848925
60,0,1,0.38660650476916053,0.6133934952308395
61,0,1,0.38175832203186216,0.6182416779681379
62,1,1,0.32806248164328305,0.671937518356717
63,0,1,0.3434749980450475,0.6565250019549523
64,0,1,0.34138736239078293,0.6586126376092171
65,1,1,0.29231544283071303,0.7076845571692869
66,1,1,0.3395716903909061,0.6604283096090939
67,1,1,0.28530581936292065,0.7146941806370792
68,1,1,0.3514736561413121,0.6485263438586879
69,1,1,0.31949124431925796,0.6805087556807421
70,1,1,0.31251566081632615,0.6874843391836739
71,1,1,0.38788603755114504,0.612113962448855
72,0,1,0.3581479845266021,0.641852015473398
73,1,1,0.3918436538444305,0.6081563461555695
74,1,1,0.42672451647867476,0.5732754835213252
75,1,1,0.30575156877500065,0.6942484312249994
76,1,1,0.30526850960462015,0.6947314903953798
77,1,1,0.3628558437499995,0.6371441562500005
78,0,1,0.3534510261313913,0.6465489738686087
79,1,1,0.32725480625339526,0.6727451937466048
80,1,1,0.3674981901873609,0.632501809812639
81,1,1,0.33853770535504285,0.6614622946449571
82,0,1,0.32943009351398617,0.6705699064860138
83,0,1,0.2807000343356291,0.7192999656643708
84,0,1,0.2720855996705043,0.7279144003294957
85,0,1,0.31839761324314675,0.6816023867568533
86,0,1,0.25205953586163815,0.7479404641383618
87,1,1,0.3389768835288992,0.6610231164711009
88,1,1,0.28608619984478717,0.7139138001552129
89,1,1,0.3305310756838203,0.6694689243161798
90,1,1,0.29182752290050906,0.708172477099491
91,0,1,0.329579592916391,0.670420407083609
92,0,1,0.29348580344881414,0.7065141965511859
93,1,1,0.29907168744888823,0.7009283125511119
94,0,1,0.34170854436312753,0.6582914556368725
95,1,1,0.39671007933046815,0.6032899206695318
96,1,1,0.3297367830541782,0.6702632169458218
97,1,1,0.2919889112433032,0.7080110887566968
98,1,1,0.32830615700597177,0.6716938429940281
99,1,1,0.32988016907266426,0.6701198309273358
100,0,1,0.3696561263612572,0.6303438736387428
101,1,1,0.26594380028926445,0.7340561997107355
102,1,1,0.30509493332172244,0.6949050666782776
103,1,1,0.3583590740059066,0.6416409259940934
104,0,1,0.2771770841828925,0.7228229158171076
105,1,1,0.3142491152636565,0.6857508847363436
106,0,1,0.3069097350792312,0.6930902649207689
107,0,1,0.40990371675912984,0.59009628324087
108,0,1,0.27040487856240875,0.7295951214375912
109,0,1,0.2970777224658081,0.7029222775341919
110,1,1,0.39125211825796513,0.6087478817420349
111,0,1,0.3316828078705298,0.6683171921294702
112,0,1,0.2935193901419551,0.7064806098580447
113,1,1,0.38230403685845354,0.6176959631415464
114,1,1,0.34307268136173213,0.656927318638268
115,1,1,0.35789461359520075,0.6421053864047994
116,1,1,0.44772567300968175,0.5522743269903181
117,0,1,0.44153798350661994,0.55846201649338
118,1,1,0.2683964546547788,0.7316035453452212
119,1,1,0.30472056798409164,0.6952794320159085
120,1,1,0.3133888213724048,0.6866111786275952
121,1,1,0.4038475971880331,0.5961524028119668
122,0,1,0.29288284288133876,0.7071171571186612
123,0,1,0.4066151484923681,0.593384851507632
124,0,1,0.34196036382950107,0.658039636170499
125,0,1,0.2742143175700204,0.7257856824299795
126,1,1,0.34467483354569717,0.6553251664543029
127,0,1,0.3179329368554433,0.6820670631445568
128,0,1,0.3688387596267564,0.6311612403732437
129,0,1,0.3308912481120269,0.669108751887973
130,1,1,0.3446232663326272,0.6553767336673728
131,1,1,0.42294085595275654,0.5770591440472435
132,0,1,0.33326399093429876,0.6667360090657013
133,1,1,0.28162156394710397,0.718378436052896
134,0,1,0.39120883490356956,0.6087911650964304
135,1,1,0.28749171272751994,0.7125082872724801
136,0,1,0.28713763639868883,0.7128623636013113
137,1,1,0.3807691207570391,0.6192308792429608
138,0,1,0.3172757710904839,0.682724228909516
139,0,1,0.42035126082627233,0.5796487391737277
140,1,1,0.3485554890920356,0.6514445109079643
141,1,1,0.35924077344302574,0.6407592265569741
142,0,1,0.33176127239068837,0.6682387276093116
143,1,1,0.28828771088750965,0.7117122891124903
144,1,1,0.34623831391955595,0.653761686080444
145,1,1,0.3132952647564844,0.6867047352435156
146,0,1,0.36631364472855693,0.6336863552714431
147,1,1,0.3204004410625033,0.6795995589374966
148,1,1,0.4205582869705628,0.5794417130294373
149,0,1,0.3490857172782962,0.6509142827217038
150,1,1,0.4113001613691281,0.5886998386308718
151,1,1,0.31199000795885107,0.688009992041149
152,1,1,0.3030882141543699,0.6969117858456301
153,0,1,0.35974105067407863,0.6402589493259214
154,0,1,0.34239736635559265,0.6576026336444074
155,0,1,0.3684660830010064,0.6315339169989935
156,1,1,0.27136865426792467,0.7286313457320752
157,1,1,0.29345118966956296,0.7065488103304371
158,0,1,0.32780398669975724,0.6721960133002428
159,1,1,0.31353594880518876,0.6864640511948111
160,1,1,0.32723532756651263,0.6727646724334873
161,0,1,0.33115173367742823,0.6688482663225719
162,1,1,0.3043632729135751,0.695636727086425
163,1,1,0.3301159609125297,0.6698840390874703
164,0,1,0.34501800576564634,0.6549819942343537
165,0,1,0.3273444504374856,0.6726555495625143
166,1,1,0.36612703823319676,0.6338729617668033
167,0,1,0.36242138971900556,0.6375786102809944
168,0,1,0.27613167865807203,0.7238683213419279
169,1,1,0.37525764729800487,0.6247423527019951
170,1,1,0.3255972635507725,0.6744027364492274
171,1,1,0.3136162751757971,0.6863837248242028
172,0,1,0.2950836076152125,0.7049163923847874
173,0,1,0.38731618754031216,0.6126838124596878
174,0,1,0.33922738815988257,0.6607726118401175
175,0,1,0.3269535907245518,0.6730464092754481
176,1,1,0.3108422123880758,0.6891577876119241
177,0,1,0.31758792579644557,0.6824120742035544
178,0,1,0.3849531287529336,0.6150468712470664
179,0,1,0.28835689857760133,0.7116431014223987
180,0,1,0.38057521002869193,0.619424789971308
181,1,1,0.32376665533965876,0.6762333446603412
182,1,1,0.35147829159165106,0.648521708408349
183,1,1,0.2787758904737813,0.7212241095262186
184,1,1,0.36378925691709313,0.6362107430829069
185,1,1,0.30092786133799476,0.6990721386620052
186,0,1,0.3162310528123753,0.6837689471876247
187,0,1,0.36342766357861317,0.6365723364213869
188,1,1,0.396059791722386,0.603940208277614
189,0,1,0.3984065406663893,0.6015934593336107
190,1,1,0.3180531648132455,0.6819468351867544
191,0,1,0.3228681298714261,0.6771318701285738
192,1,1,0.36108768771507,0.6389123122849301
193,1,1,0.38051195846919494,0.6194880415308051
194,0,1,0.26191955641478387,0.7380804435852162
195,1,1,0.30589155317588307,0.694108446824117
196,0,1,0.3343142885819369,0.6656857114180632
197,1,1,0.36673937699943976,0.6332606230005604
198,0,1,0.3702360922228008,0.6297639077771993
199,1,1,0.3261277746502253,0.6738722253497746
200,1,1,0.37686021654832763,0.6231397834516724
201,1,1,0.2524498076502644,0.7475501923497354
202,1,1,0.29160914330537596,0.7083908566946239
203,1,0,0.5741620917734213,0.42583790822657874
204,0,1,0.3614380296419875,0.6385619703580125
205,0,1,0.2825056547292969,0.717494345270703
206,1,1,0.3071131248421219,0.6928868751578783
207,0,1,0.3621494476772954,0.6378505523227046
208,0,1,0.35168895019655066,0.6483110498034494
209,1,1,0.2984722493368352,0.7015277506631648
210,0,1,0.3757857098692044,0.6242142901307955
211,0,1,0.42426804934482104,0.5757319506551788
212,0,1,0.39482592578849945,0.6051740742115006
213,0,1,0.41072989494902284,0.5892701050509772
214,1,1,0.30477608386921906,0.6952239161307809
215,1,1,0.3423457506193546,0.6576542493806454
216,0,1,0.3693634022203051,0.6306365977796948
217,0,1,0.30586337460612106,0.6941366253938789
218,1,1,0.3539417878627205,0.6460582121372793
219,0,1,0.35590385517813283,0.6440961448218672
220,1,1,0.2873959780888765,0.7126040219111234
221,0,1,0.3158932484846958,0.6841067515153041
222,1,1,0.3564069511203309,0.6435930488796691
223,1,1,0.3737965607811384,0.6262034392188616
224,0,1,0.32632095938713823,0.6736790406128617
225,1,1,0.3737502739300416,0.6262497260699583
226,1,1,0.2635007096489877,0.7364992903510124
227,1,1,0.23968805725079048,0.7603119427492095
228,1,1,0.33916507762541903,0.660834922374581
229,0,1,0.3597036446933894,0.6402963553066107
230,1,1,0.3212333199676667,0.6787666800323333
231,0,1,0.3263065948637573,0.6736934051362427
232,0,1,0.3071098133656969,0.6928901866343031
233,1,1,0.353582791514268,0.6464172084857319
234,0,1,0.3869915743256285,0.6130084256743714
235,0,1,0.36410486442688,0.6358951355731199
236,1,1,0.3658748029820389,0.6341251970179611
237,0,1,0.38326387531112643,0.6167361246888737
238,0,1,0.3805591870295103,0.6194408129704896
239,0,1,0.3252383552989496,0.6747616447010503
240,0,1,0.3523405708360887,0.6476594291639114
241,0,1,0.3325689792870496,0.6674310207129505
242,1,1,0.2944795617005101,0.7055204382994898
243,1,1,0.30864407156390344,0.6913559284360966
244,0,1,0.35286381303583403,0.6471361869641659
245,1,1,0.34102147005439887,0.658978529945601
246,0,1,0.33798763650736274,0.6620123634926374
247,1,1,0.34919985986568447,0.6508001401343155
248,0,1,0.3003467229559518,0.6996532770440482
249,0,1,0.3422376366079776,0.6577623633920222
250,1,1,0.2964640487440252,0.7035359512559747
251,0,1,0.30922207460557466,0.6907779253944254
252,1,1,0.3448408048559362,0.6551591951440638
253,0,1,0.35448526294348054,0.6455147370565194
254,0,1,0.30134528811682526,0.6986547118831747
255,1,1,0.3228284821375805,0.6771715178624195
256,0,1,0.28826812366828347,0.7117318763317164
257,0,1,0.39673830471151333,0.6032616952884866
258,0,1,0.3809214313621062,0.6190785686378937
259,1,1,0.33160077055058396,0.6683992294494161
260,1,1,0.3153469864677462,0.6846530135322537
261,1,1,0.322780628949434,0.6772193710505661
262,1,1,0.33893153870039994,0.6610684612996001
263,0,1,0.33304303662757256,0.6669569633724275
264,0,1,0.36545440261323214,0.6345455973867679
265,1,1,0.33460203931343874,0.6653979606865612
266,1,1,0.32207424442850185,0.6779257555714981
267,1,1,0.2914892860890804,0.7085107139109196
268,1,1,0.3239594808635868,0.6760405191364133
269,0,1,0.2709572778851609,0.7290427221148391
270,0,1,0.33898745577127054,0.6610125442287295
271,1,1,0.34187789349619785,0.6581221065038022
272,0,1,0.3422912672197885,0.6577087327802115
273,0,1,0.25932920027654366,0.7406707997234563
274,1,1,0.35027017255362847,0.6497298274463715
275,0,1,0.40144152033743913,0.5985584796625609
276,0,1,0.2848211309188406,0.7151788690811594
277,1,1,0.35837978253210173,0.6416202174678982
278,1,1,0.3224120927029865,0.6775879072970135
279,0,1,0.3673356087347538,0.6326643912652462
280,0,1,0.28150857514235217,0.7184914248576477
281,0,1,0.34523241677860395,0.654767583221396
282,1,1,0.33438399482820946,0.6656160051717905
283,1,1,0.27784524660529974,0.7221547533947004
284,0,1,0.30898194846025057,0.6910180515397495
285,0,1,0.26445767229640055,0.7355423277035995
286,1,1,0.36601153804497083,0.6339884619550291
287,0,1,0.3004171200809574,0.6995828799190426
288,0,1,0.40204607361574546,0.5979539263842546
289,1,1,0.3130802986755293,0.6869197013244707
290,0,1,0.34813313795091383,0.6518668620490862
291,1,1,0.3474471534917441,0.652552846508256
292,0,1,0.3438515725131874,0.6561484274868126
293,0,1,0.3667463293399056,0.6332536706600944
294,0,1,0.3246997702137684,0.6753002297862314
295,1,1,0.3432717103107938,0.6567282896892062
296,0,1,0.35275777064205727,0.6472422293579427
297,1,1,0.29993451703751167,0.7000654829624883
298,1,1,0.42966377427724883,0.5703362257227511
299,0,1,0.28069268004299824,0.7193073199570016
300,1,1,0.3108317972956506,0.6891682027043495
301,1,1,0.3123231182363993,0.6876768817636008
302,1,1,0.31574889430842434,0.6842511056915757
303,1,1,0.26379375042723163,0.7362062495727684
304,1,1,0.361826045441664,0.638173954558336
305,0,1,0.35849313586180753,0.6415068641381925
306,1,1,0.2800217246817104,0.7199782753182895
307,1,1,0.24532046754153722,0.7546795324584628
308,1,1,0.36584329817913286,0.6341567018208673
309,0,1,0.34266793094802245,0.6573320690519775
310,1,1,0.3381055098269238,0.6618944901730761
311,1,1,0.33273406134865063,0.6672659386513494
312,1,1,0.35942575097262225,0.6405742490273778
313,0,1,0.37091522854326947,0.6290847714567304
314,0,1,0.4331991516590602,0.5668008483409397
315,0,1,0.32751622195742786,0.6724837780425721
316,0,1,0.2886473855913264,0.7113526144086736
317,0,1,0.32771334514897343,0.6722866548510267
318,1,1,0.3510507880396494,0.6489492119603506
319,0,1,0.3576632152544451,0.6423367847455549
320,1,1,0.413755368891161,0.586244631108839
321,1,1,0.32833977316101837,0.6716602268389816
322,1,1,0.3196425263390528,0.6803574736609472
323,1,1,0.31059327439054885,0.6894067256094512
324,0,1,0.3755232776230409,0.6244767223769591
325,1,1,0.38843129028109374,0.6115687097189063
326,0,1,0.34974370912840963,0.6502562908715902
327,0,1,0.31870019995843807,0.6812998000415619
328,1,1,0.28730830991470413,0.7126916900852958
329,1,1,0.31058232459695345,0.6894176754030465
330,1,1,0.3530749335481199,0.64692506645188
331,1,1,0.33516321672511384,0.664836783274886
332,0,1,0.2913824796485344,0.7086175203514655
333,1,1,0.34250698575637606,0.6574930142436239
334,1,1,0.32307582667860835,0.6769241733213917
335,1,1,0.3031392554957454,0.6968607445042546
336,1,1,0.2892943180493283,0.7107056819506717
337,1,1,0.32272903992763663,0.6772709600723634
338,0,1,0.34500604504201315,0.6549939549579868
339,0,1,0.3170755215160159,0.6829244784839841
340,0,1,0.3798466494032316,0.6201533505967683
341,1,1,0.3479031591452616,0.6520968408547384
342,0,1,0.2780236500460528,0.7219763499539473
343,0,1,0.3133996589145351,0.6866003410854649
344,1,1,0.345392529287341,0.654607470712659
345,1,1,0.36352764785650477,0.6364723521434953
346,1,1,0.3246672994418323,0.6753327005581676
347,1,1,0.2950258320340841,0.7049741679659159
348,0,1,0.38442272623521984,0.61557727376478
349,1,1,0.41704777479435895,0.582952225205641
350,0,1,0.2696905988697013,0.7303094011302987
351,1,1,0.36072469848291167,0.6392753015170884
352,1,1,0.37070738504636586,0.6292926149536342
353,1,1,0.3176435540050332,0.6823564459949669
354,0,1,0.3106798330853126,0.6893201669146873
355,1,1,0.33063544255217747,0.6693645574478226
356,1,1,0.3825619717019077,0.6174380282980922
357,0,1,0.3104285528892961,0.689571447110704
358,1,1,0.3355510004796463,0.6644489995203537
359,1,1,0.3284680701487616,0.6715319298512383
360,0,1,0.35652669984720825,0.6434733001527917
361,1,1,0.2839517594536936,0.7160482405463064
362,1,1,0.3633406667567452,0.6366593332432547
363,0,1,0.2614950716635054,0.7385049283364946
364,1,1,0.3014227938850322,0.6985772061149679
365,1,1,0.3146858114115235,0.6853141885884766
366,1,1,0.4071306744094987,0.5928693255905012
367,1,1,0.2821844282652567,0.7178155717347432
368,1,1,0.3593938990219117,0.6406061009780883
369,1,1,0.32073868950709966,0.6792613104929004
370,1,1,0.33707598802539407,0.6629240119746058
371,1,1,0.327194852584688,0.6728051474153119
372,0,1,0.26454300642004297,0.7354569935799571
373,1,1,0.3511757871695289,0.6488242128304711
374,1,1,0.30578623721454823,0.6942137627854518
375,1,1,0.3159646269986035,0.6840353730013964
376,0,1,0.274750883837224,0.7252491161627761
377,1,1,0.3177572211681107,0.6822427788318892
378,1,1,0.3379164620486312,0.6620835379513688
379,1,1,0.264679325654451,0.7353206743455489
380,1,1,0.245431199491141,0.7545688005088589
381,0,0,0.515654974356028,0.48434502564397197
382,1,1,0.4007070484854821,0.5992929515145179
383,1,1,0.2686498193617763,0.7313501806382238
384,1,1,0.31386221376994405,0.686137786230056
385,1,1,0.326401283725482,0.673598716274518
386,1,1,0.3370869817706423,0.6629130182293577
387,1,1,0.3110336504689689,0.688966349531031
388,0,1,0.2821045876997774,0.7178954123002226
389,0,1,0.2823618900603625,0.7176381099396376
390,1,1,0.3462688298518685,0.6537311701481314
391,1,1,0.3135956796375502,0.6864043203624498
392,0,1,0.2856588848907664,0.7143411151092336
393,0,1,0.3264431521518689,0.6735568478481309
394,1,1,0.3588285091787399,0.6411714908212602
395,0,1,0.3447781140004276,0.6552218859995723
396,0,1,0.34336265316640724,0.6566373468335929
397,1,1,0.3027436039109759,0.6972563960890241
398,1,1,0.3767448428571421,0.623255157142858
399,0,1,0.304885338728136,0.695114661271864
400,0,1,0.34648095163375275,0.6535190483662472
401,1,1,0.33798303393779494,0.662016966062205
402,0,1,0.3807032416695984,0.6192967583304017
403,1,1,0.33765986755246163,0.6623401324475384
404,0,1,0.36130520025617996,0.6386947997438202
405,1,1,0.37556861617266246,0.6244313838273375
406,0,1,0.30479250374126543,0.6952074962587346
407,0,1,0.31673297573374726,0.6832670242662529
408,1,1,0.3154772854303764,0.6845227145696235
409,0,1,0.3594209078645885,0.6405790921354115
410,0,1,0.32389632478118197,0.6761036752188179
411,0,1,0.3125277896974393,0.6874722103025608
412,1,1,0.2731636467277866,0.7268363532722135
413,0,1,0.3148574567622634,0.6851425432377365
414,1,1,0.36548677913646094,0.634513220863539
415,1,1,0.28546073302458436,0.7145392669754156
416,1,1,0.33576368091609465,0.6642363190839053
417,1,1,0.3381098438633279,0.6618901561366721
418,1,1,0.3714827317454303,0.6285172682545698
419,0,1,0.2674020010336999,0.7325979989663001
420,1,1,0.2944204068624654,0.7055795931375346
421,1,1,0.38269071307578184,0.617309286924218
422,1,1,0.2597258448961023,0.7402741551038977
423,1,1,0.3003249082163298,0.6996750917836703
424,0,1,0.2895785532336504,0.7104214467663496
425,1,1,0.37087852372417324,0.6291214762758268
426,0,1,0.3426375065079823,0.6573624934920176
427,0,1,0.32357287792385875,0.6764271220761413
428,0,1,0.27989543682610096,0.7201045631738991
429,1,1,0.3707188176679884,0.6292811823320117
430,0,1,0.33492013191301506,0.6650798680869848
431,1,1,0.3386059085096284,0.6613940914903715
432,0,1,0.3451206154841704,0.6548793845158296
433,1,1,0.34881836587707254,0.6511816341229275
434,0,1,0.30398137151218035,0.6960186284878196
435,0,1,0.3574012842963462,0.6425987157036539
436,0,1,0.2768008058386544,0.7231991941613455
437,0,1,0.3314394813549595,0.6685605186450405
438,1,1,0.2958140762213649,0.7041859237786351
439,0,1,0.36697856418247327,0.6330214358175268
440,0,1,0.31221541935861186,0.6877845806413883
441,0,1,0.27023032910214756,0.7297696708978525
442,0,1,0.28205708694739706,0.7179429130526028
443,0,1,0.31291546620825145,0.6870845337917486
444,0,1,0.3888575400210317,0.6111424599789683
445,0,1,0.2980548448644045,0.7019451551355955
446,1,1,0.3372303692570699,0.66276963074293
447,0,1,0.38537537050208065,0.6146246294979194
448,1,1,0.2850351869240645,0.7149648130759354
449,1,0,0.6470100810270104,0.3529899189729896
450,0,1,0.3713737443677537,0.6286262556322463
451,1,1,0.27236588930808625,0.7276341106919137
452,0,1,0.3425805549828354,0.6574194450171645
453,1,1,0.29086958788476425,0.7091304121152358
454,1,1,0.3979684001968707,0.6020315998031294
455,1,1,0.2867546780484652,0.7132453219515348
456,0,1,0.3373659209774574,0.6626340790225427
457,1,1,0.3299164611127248,0.6700835388872752
458,0,1,0.3487338338158431,0.651266166184157
459,0,1,0.30679244150959567,0.6932075584904043
460,0,1,0.3009552241912545,0.6990447758087455
461,1,1,0.26245935879012083,0.737540641209879
462,0,1,0.3264995058653745,0.6735004941346255
463,0,1,0.30272977020732145,0.6972702297926785
464,1,1,0.2968086406452772,0.7031913593547228
465,1,1,0.28772948529125647,0.7122705147087436
466,1,1,0.300395474031474,0.699604525968526
467,0,1,0.27719830990387617,0.7228016900961238
468,1,1,0.3295588610416294,0.6704411389583707
469,1,1,0.3498102422432539,0.650189757756746
470,0,1,0.3325822840840179,0.6674177159159821
471,1,1,0.36161635039433143,0.6383836496056686
472,1,1,0.32648873181664956,0.6735112681833504
473,1,1,0.2947993791062733,0.7052006208937267
474,1,1,0.3692264182598807,0.6307735817401193
475,1,1,0.3260329395502401,0.6739670604497598
476,1,1,0.2952815802632209,0.7047184197367791
477,1,1,0.29601394456669183,0.7039860554333082
478,1,1,0.3344490309804108,0.6655509690195892
479,0,1,0.38344399834237,0.6165560016576301
480,1,1,0.2621001701585424,0.7378998298414575
481,0,0,0.5059993474672534,0.4940006525327466
482,1,1,0.29224395976066175,0.7077560402393384
483,0,1,0.3518194930431716,0.6481805069568283
484,1,1,0.29677689148641057,0.7032231085135894
485,1,1,0.36726790849214264,0.6327320915078574
486,0,1,0.38437175366192783,0.6156282463380722
487,0,1,0.30513266055444915,0.6948673394455508
488,1,1,0.2975740075426802,0.7024259924573197
489,1,1,0.28751329879191884,0.7124867012080811
490,1,1,0.29984624166046947,0.7001537583395305
491,1,1,0.33223920800371737,0.6677607919962827
492,0,1,0.3297171544932981,0.6702828455067018
493,0,1,0.3310610384546995,0.6689389615453005
494,1,1,0.3174003525287546,0.6825996474712455
495,0,1,0.32358591018234995,0.67641408981765
496,1,1,0.30849956407493045,0.6915004359250694
497,0,1,0.3270664464931961,0.672933553506804
498,0,1,0.3155953254299011,0.6844046745700989
499,0,1,0.31546588888033283,0.6845341111196671
500,1,1,0.30740298009261185,0.6925970199073881
501,0,1,0.3252209420903582,0.6747790579096418
502,0,1,0.3553845180032945,0.6446154819967056
503,0,1,0.2985448102949413,0.7014551897050587
504,1,1,0.36099359092542954,0.6390064090745705
505,0,1,0.29764977638616796,0.702350223613832
506,0,1,0.3801113040404915,0.6198886959595086
507,1,1,0.3138402056540761,0.6861597943459239
508,0,1,0.2931688398616998,0.7068311601383002
509,1,1,0.20371453398415967,0.7962854660158403
510,1,1,0.3445259597489243,0.6554740402510758
511,0,1,0.3208936781414595,0.6791063218585405
512,0,1,0.35692516877356284,0.6430748312264372
513,0,1,0.35828792485296923,0.6417120751470307
514,1,1,0.3190698078058083,0.6809301921941917
515,1,1,0.3399719127729542,0.6600280872270459
516,0,1,0.25442884442425373,0.7455711555757464
517,1,1,0.3528188427705583,0.6471811572294417
518,0,1,0.3606865772914012,0.6393134227085987
519,0,1,0.36054525129467546,0.6394547487053244
520,0,1,0.32268334368001006,0.6773166563199899
521,1,1,0.30138276332248914,0.6986172366775109
522,1,1,0.29674757983105526,0.7032524201689447
523,1,1,0.40823052037631347,0.5917694796236865
524,0,1,0.3532475455405799,0.6467524544594201
525,1,1,0.3604380667004277,0.6395619332995723
526,1,1,0.3253409905818594,0.6746590094181406
527,0,1,0.33707925221437346,0.6629207477856265
528,0,1,0.35554974339425144,0.6444502566057486
529,1,1,0.36326280690859875,0.6367371930914012
530,0,1,0.32981755744385255,0.6701824425561473
531,0,1,0.35687365990811387,0.6431263400918862
532,0,1,0.3065892746743145,0.6934107253256856
533,1,1,0.3112588173352882,0.6887411826647117
534,0,1,0.34116100315211906,0.6588389968478808
535,1,1,0.2389540512161433,0.7610459487838566
536,1,1,0.3074474594017394,0.6925525405982607
537,1,1,0.34498427177905383,0.6550157282209462
538,1,1,0.2851443062033707,0.7148556937966293
539,1,1,0.37267846101883667,0.6273215389811634
540,0,1,0.35984762257215447,0.6401523774278455
541,0,1,0.42259329035226956,0.5774067096477306
542,1,1,0.3209890315359297,0.6790109684640702
543,1,1,0.29178461428814373,0.7082153857118563
544,1,1,0.3043076151623494,0.6956923848376506
545,0,1,0.34449537033459593,0.655504629665404
546,0,1,0.32892266326956743,0.6710773367304326
547,0,1,0.36706016740531944,0.6329398325946805
548,0,1,0.3354940379089311,0.6645059620910689
549,0,1,0.31737854154875694,0.6826214584512429
550,0,1,0.3304273819949074,0.6695726180050925
551,0,1,0.35164077217546336,0.6483592278245366
552,1,1,0.29646206261731134,0.7035379373826887
553,1,1,0.3035544014964341,0.6964455985035659
554,1,1,0.35125641710259137,0.6487435828974086
555,1,1,0.4296972143879038,0.5703027856120962
556,0,1,0.3680359912532557,0.6319640087467442
557,0,1,0.35331650614273186,0.6466834938572682
558,0,1,0.3078609667082701,0.69213903329173
559,1,1,0.37794100148743554,0.6220589985125643
560,0,1,0.3002888792179864,0.6997111207820136
561,0,1,0.28642671906447725,0.7135732809355227
562,1,1,0.31528702781201307,0.684712972187987
563,0,1,0.32563218862313154,0.6743678113768685
564,0,1,0.3819773876370141,0.618022612362986
565,0,1,0.32042028530969063,0.6795797146903093
566,1,1,0.35608041087979553,0.6439195891202045
567,1,1,0.3225257894475915,0.6774742105524084
568,1,1,0.3180075956753659,0.6819924043246341
569,0,1,0.2630286848850127,0.7369713151149873
570,1,1,0.31538519658345826,0.6846148034165416
571,0,1,0.27927403543289014,0.7207259645671098
572,1,1,0.3989201497609969,0.6010798502390032
573,0,1,0.32984384608956235,0.6701561539104377
574,0,1,0.2620252572542059,0.7379747427457941
575,1,1,0.45799045765974256,0.5420095423402573
576,0,1,0.39887225872697557,0.6011277412730245
577,1,1,0.39003588201330636,0.6099641179866936
578,1,1,0.34288790636813155,0.6571120936318685
579,1,1,0.32673224508775556,0.6732677549122446
580,1,1,0.36255485194929643,0.6374451480507035
581,0,1,0.3128595651450768,0.6871404348549233
582,1,1,0.3321175178252334,0.6678824821747666
583,0,1,0.354834656696661,0.6451653433033391
584,0,1,0.34136339548220046,0.6586366045177995
585,1,1,0.3005664889592402,0.6994335110407597
586,0,1,0.366621635530325,0.633378364469675
587,1,1,0.30681844980068845,0.6931815501993115
588,1,1,0.3656169332565332,0.6343830667434667
589,0,1,0.2840050501520005,0.7159949498479996
590,1,1,0.33823300824988456,0.6617669917501154
591,0,1,0.2994150792478944,0.7005849207521057
592,1,1,0.3794846038347295,0.6205153961652705
593,1,1,0.3589476363201984,0.6410523636798016
594,0,1,0.3279997345747236,0.6720002654252764
595,0,1,0.36150749682506617,0.6384925031749339
596,1,1,0.2618574508149961,0.7381425491850038
597,1,1,0.24166825131863517,0.7583317486813648
598,1,1,0.258022017921361,0.741977982078639
599,1,1,0.38002121524610855,0.6199787847538916
600,1,1,0.32993660282623993,0.6700633971737602
601,1,1,0.3317820607122718,0.6682179392877283
602,0,1,0.3799723811809142,0.6200276188190857
603,0,1,0.2545236436820751,0.745476356317925
604,0,1,0.2856364807559228,0.7143635192440771
605,1,1,0.3544221314864419,0.645577868513558
606,1,1,0.27064143292291803,0.729358567077082
607,0,1,0.32810069904523503,0.671899300954765
608,1,1,0.33602490354223447,0.6639750964577655
609,1,1,0.3166839872883217,0.6833160127116784
610,1,1,0.38390835384094724,0.6160916461590527
611,1,1,0.3465505284889374,0.6534494715110626
612,0,1,0.3659756272925778,0.6340243727074222
613,0,1,0.31987232032516644,0.6801276796748337
614,0,1,0.3565123895390629,0.643487610460937
615,1,1,0.43734453621541164,0.5626554637845884
616,1,1,0.2976797140570235,0.7023202859429767
617,0,1,0.33840889783386896,0.6615911021661309
618,1,1,0.3427207110080127,0.6572792889919873
619,1,1,0.36797013731517286,0.6320298626848271
620,1,1,0.33321639067498093,0.666783609325019
621,0,1,0.3393968726315004,0.6606031273684996
622,0,1,0.27542524924456047,0.7245747507554395
623,0,1,0.3085367333708167,0.6914632666291833
624,0,1,0.3163620522280419,0.6836379477719581
625,0,1,0.35685026323553976,0.6431497367644603
626,1,1,0.3548286704672498,0.6451713295327501
627,1,1,0.2978214168345828,0.7021785831654173
628,0,1,0.32952458172051957,0.6704754182794805
629,1,1,0.3159755638503131,0.6840244361496869
630,0,1,0.4071365257415159,0.5928634742584842
631,1,1,0.265942130387792,0.734057869612208
632,1,1,0.3290578504600749,0.670942149539925
633,1,1,0.37229406390939884,0.6277059360906011
634,0,1,0.28809892274405474,0.7119010772559453
635,1,1,0.27079888023881094,0.729201119761189
636,1,1,0.34570333834895406,0.6542966616510459
637,1,1,0.32325095546447835,0.6767490445355218
638,0,1,0.33591972348624594,0.664080276513754
639,1,1,0.40790715988489956,0.5920928401151003
640,0,1,0.3137056348788586,0.6862943651211413
641,0,1,0.43505411667027627,0.5649458833297237
642,1,1,0.18461158366360575,0.8153884163363943
643,1,1,0.3329946542471858,0.6670053457528142
644,1,1,0.4282849705044082,0.5717150294955917
645,1,1,0.32156994029807356,0.6784300597019266
646,1,1,0.38687489948603404,0.6131251005139658
647,1,1,0.49201168449635174,0.5079883155036482
648,0,1,0.31714490422601693,0.6828550957739831
649,1,1,0.34814873118423423,0.6518512688157658
650,0,1,0.37598893596240035,0.6240110640375995
651,1,1,0.3459617178426865,0.6540382821573135
652,0,1,0.2789273852158895,0.7210726147841104
653,0,1,0.3620841410552816,0.6379158589447185
654,0,1,0.3222571060178797,0.6777428939821203
655,1,1,0.29399225737766044,0.7060077426223397
656,0,1,0.30107719844599695,0.698922801554003
657,0,1,0.39981490703046024,0.6001850929695398
658,0,1,0.28240508228003414,0.7175949177199659
659,0,1,0.38533129006115574,0.6146687099388441
660,0,1,0.20399582088337206,0.796004179116628
661,0,1,0.3511405078311238,0.6488594921688762
662,1,1,0.29446961262950794,0.7055303873704921
663,1,1,0.33081352993446694,0.669186470065533
664,0,1,0.35757126004836387,0.6424287399516362
665,0,1,0.33194870290519946,0.6680512970948005
666,0,1,0.29011971272496556,0.7098802872750345
667,0,1,0.31153952023059395,0.688460479769406
668,1,1,0.3530504733328131,0.646949526667187
669,1,1,0.37219095102103067,0.6278090489789694
670,0,1,0.3334218223824289,0.6665781776175711
671,0,1,0.29617181316564317,0.7038281868343568
672,0,1,0.32615809247579036,0.6738419075242097
673,1,1,0.39494482391208696,0.605055176087913
674,0,1,0.305512476617132,0.694487523382868
675,0,1,0.2917154875766129,0.7082845124233871
676,0,1,0.2906516524985985,0.7093483475014015
677,1,1,0.3672422016179719,0.6327577983820281
678,1,1,0.3234103177527942,0.6765896822472058
679,0,1,0.3096104492023894,0.6903895507976106
680,0,1,0.3360891698059708,0.6639108301940292
681,0,1,0.38175660839619,0.6182433916038099
682,0,1,0.37805692797609525,0.6219430720239048
683,0,1,0.3491228167677782,0.6508771832322218
684,1,1,0.29174197508262145,0.7082580249173787
685,1,1,0.3302697384931943,0.6697302615068058
686,0,1,0.3213939599035038,0.6786060400964962
687,0,1,0.25847773030848026,0.7415222696915198
688,1,1,0.30977555830203746,0.6902244416979626
689,1,1,0.3300513769130837,0.6699486230869163
690,1,1,0.2936335593869543,0.7063664406130458
691,1,1,0.2689055598587806,0.7310944401412194
692,0,1,0.30568435158796375,0.6943156484120362
693,1,1,0.3430891036728428,0.656910896327157
694,1,1,0.3530956027088705,0.6469043972911295
695,1,1,0.3521940347559272,0.6478059652440729
696,0,1,0.27064735874421786,0.7293526412557821
697,0,1,0.3949506922389237,0.6050493077610763
698,0,1,0.4120612778536789,0.587938722146321
699,0,1,0.29904812798727815,0.7009518720127219
700,1,1,0.32414058974278603,0.675859410257214
701,0,1,0.3332983775758052,0.6667016224241948
702,1,1,0.34678750721637247,0.6532124927836275
703,1,1,0.3638292708303776,0.6361707291696224
704,0,1,0.2706234671256146,0.7293765328743855
705,0,1,0.26733326356086645,0.7326667364391336
706,0,1,0.3190775241344995,0.6809224758655005
707,0,1,0.26182358058674415,0.7381764194132558
708,1,1,0.30840110102294416,0.691598898977056
709,1,1,0.3606317643322759,0.6393682356677242
710,1,1,0.3546876736229129,0.6453123263770871
711,1,1,0.29397344387583385,0.7060265561241661
712,0,1,0.35276753428771823,0.6472324657122818
713,0,1,0.3683654108754611,0.631634589124539
714,0,1,0.27251756566730123,0.7274824343326987
715,1,1,0.3408566881122208,0.6591433118877793
716,1,1,0.28068146976386316,0.7193185302361369
717,0,1,0.25991855491288707,0.7400814450871129
718,1,1,0.2876116182035286,0.7123883817964715
719,1,1,0.3562929715833958,0.6437070284166041
720,1,1,0.38857783298100745,0.6114221670189925
721,1,1,0.2949234602036887,0.7050765397963112
722,0,1,0.33100534086100997,0.66899465913899
723,1,1,0.30651641737431073,0.6934835826256891
724,0,1,0.3437397263843086,0.6562602736156913
725,0,1,0.35725903703488354,0.6427409629651164
726,0,1,0.3208864743060013,0.6791135256939986
727,1,1,0.36880872857535396,0.6311912714246461
728,0,1,0.39506497269721846,0.6049350273027816
729,1,1,0.3977381378315885,0.6022618621684115
730,0,1,0.33314782679729954,0.6668521732027004
731,0,1,0.3149851537784158,0.6850148462215843
732,0,1,0.30874482079846005,0.69125517920154
733,1,1,0.3547934642141294,0.6452065357858707
734,1,1,0.2984335761362806,0.7015664238637194
735,1,1,0.3437361028078308,0.6562638971921693
736,1,1,0.3525036681319744,0.6474963318680256
737,0,1,0.34386512306770173,0.6561348769322982
738,0,1,0.27908483370771764,0.7209151662922824
739,0,1,0.3230785498934263,0.6769214501065737
740,1,1,0.3538119771364375,0.6461880228635625
741,0,1,0.25290825485109547,0.7470917451489044
742,0,1,0.331241603193282,0.6687583968067181
743,0,1,0.28103636864107223,0.7189636313589277
744,0,1,0.37089398896375686,0.6291060110362431
745,0,1,0.28425572807614463,0.7157442719238554
746,1,1,0.30859722563902503,0.691402774360975
747,1,1,0.32247761510757544,0.6775223848924247
748,1,1,0.4309466714835269,0.5690533285164732
749,0,1,0.3822218757177412,0.6177781242822588
750,0,1,0.30872713068000546,0.6912728693199945
751,1,1,0.31862071822997745,0.6813792817700226
752,0,1,0.34715117680845065,0.6528488231915495
753,1,1,0.34227777832980244,0.6577222216701977
754,0,1,0.3038955241056977,0.6961044758943022
755,1,1,0.3300379257215742,0.6699620742784258
756,1,1,0.3379297588310501,0.6620702411689499
757,0,1,0.3688579757446002,0.6311420242553998
758,1,1,0.3952235510953023,0.6047764489046976
759,1,1,0.36984870111848095,0.630151298881519
760,1,0,0.5100974473490527,0.4899025526509472
761,1,1,0.2853824140498497,0.7146175859501502
762,0,1,0.34146830290983365,0.6585316970901662
763,0,1,0.3114984731567368,0.6885015268432633
764,1,1,0.29868655455696064,0.7013134454430394
765,1,1,0.2964481907234085,0.7035518092765916
766,1,1,0.3606733326382719,0.6393266673617282
767,0,1,0.36233122844062365,0.6376687715593763
768,1,1,0.31077851111582855,0.6892214888841715
769,0,1,0.3046500570497208,0.6953499429502791
770,0,1,0.264885973186116,0.735114026813884
771,1,1,0.2936309583867275,0.7063690416132726
772,0,1,0.38810428974242156,0.6118957102575785
773,1,1,0.34352452639508824,0.6564754736049118
774,0,1,0.3065208859840042,0.6934791140159958
775,0,1,0.35033798749695066,0.6496620125030492
776,0,1,0.41729500171243766,0.5827049982875624
777,1,1,0.34557659476446934,0.6544234052355307
778,0,1,0.3781158562897117,0.6218841437102883
779,1,1,0.31933848218091865,0.6806615178190815
780,0,1,0.403954198547083,0.5960458014529171
781,0,1,0.3129227537434685,0.6870772462565315
782,0,1,0.3646327743000257,0.6353672256999743
783,1,1,0.30499499128006907,0.6950050087199309
784,0,1,0.373374040291789,0.626625959708211
785,0,1,0.30454787350959,0.6954521264904099
786,0,1,0.3359817761340513,0.6640182238659489
787,0,1,0.35760409689382516,0.6423959031061748
788,1,1,0.31774719892982933,0.6822528010701707
789,1,1,0.32790378939982173,0.6720962106001782
790,0,1,0.3319694561442648,0.6680305438557351
791,1,1,0.32622863410528824,0.6737713658947118
792,0,1,0.31521120004792325,0.6847887999520768
793,1,1,0.3736638050915286,0.6263361949084715
794,0,1,0.3449004926185556,0.6550995073814443
795,1,1,0.3146066333287028,0.6853933666712972
796,1,1,0.2912029502868816,0.7087970497131183
797,1,1,0.3377652944719509,0.6622347055280491
798,1,1,0.32548031566128466,0.6745196843387153
799,0,1,0.32500803794852573,0.6749919620514743
800,0,1,0.3545900480559335,0.6454099519440664
801,0,1,0.35011887552113047,0.6498811244788696
802,1,1,0.3469648585935522,0.6530351414064477
803,0,1,0.4721639646617263,0.5278360353382736
804,1,1,0.3247030707408741,0.675296929259126
805,0,1,0.2881079402786014,0.7118920597213986
806,1,1,0.26844947899144045,0.7315505210085596
807,0,1,0.35217700411492453,0.6478229958850754
808,1,1,0.4108466439025378,0.5891533560974622
809,0,1,0.32009014232699107,0.6799098576730089
810,0,1,0.33170778722055355,0.6682922127794464
811,1,1,0.35694630021246293,0.6430536997875371
812,0,1,0.4030866783385479,0.5969133216614522
813,1,1,0.33881148599244365,0.6611885140075564
814,0,1,0.30836404927754757,0.6916359507224523
815,1,1,0.3616776345132616,0.6383223654867385
816,0,1,0.40113171718235535,0.5988682828176446
817,1,1,0.3585721919441758,0.6414278080558242
818,1,1,0.3107503642506967,0.6892496357493033
819,1,1,0.3393951718371692,0.6606048281628307
820,0,1,0.2618745898917805,0.7381254101082195
821,0,1,0.3615662274923967,0.6384337725076032
822,0,1,0.33136419132383216,0.6686358086761678
823,1,1,0.33939131047454796,0.660608689525452
824,1,1,0.3400141326345657,0.6599858673654344
825,1,1,0.39604823576790055,0.6039517642320995
826,0,1,0.3215491408173433,0.6784508591826566
827,0,1,0.3240521988167824,0.6759478011832175
828,1,1,0.26463790876474863,0.7353620912352514
829,0,1,0.27879001973530265,0.7212099802646973
830,1,1,0.34840002662137903,0.6515999733786209
831,0,1,0.447372711813086,0.5526272881869139
832,0,1,0.41244315984069096,0.5875568401593092
833,0,1,0.35477108644681826,0.6452289135531818
834,0,1,0.3167034041094719,0.6832965958905282
835,0,1,0.2739248800527117,0.7260751199472882
836,1,1,0.3536141272654158,0.6463858727345843
837,1,1,0.3924187890137684,0.6075812109862315
838,1,1,0.35422821513554814,0.6457717848644517
839,0,1,0.31057445649726356,0.6894255435027364
840,0,1,0.31516152495100397,0.684838475048996
841,0,1,0.3760587465123166,0.6239412534876835
842,0,1,0.43730532714864867,0.5626946728513513
843,1,1,0.343512688649884,0.656487311350116
844,1,1,0.3518214749247126,0.6481785250752874
845,0,1,0.30565082703221513,0.694349172967785
846,1,1,0.30069618600676207,0.6993038139932379
847,1,1,0.30537386739780853,0.6946261326021914
848,0,1,0.2995888059357221,0.7004111940642778
849,0,1,0.3130954126907169,0.6869045873092832
850,0,1,0.325743329825169,0.674256670174831
851,0,1,0.2669314665591201,0.7330685334408797
852,0,1,0.4136697522483366,0.5863302477516634
853,1,1,0.28907371662668174,0.7109262833733182
854,1,1,0.2721745701005898,0.7278254298994101
855,0,1,0.33451067058345335,0.6654893294165466
856,0,1,0.2517286748013637,0.7482713251986364
857,0,1,0.31238589300924835,0.6876141069907515
858,1,1,0.23054416611026962,0.7694558338897304
859,1,1,0.42255929341237786,0.5774407065876221
860,1,1,0.4129306927852488,0.587069307214751
861,1,1,0.35863010400172923,0.6413698959982708
862,1,1,0.40242656847319885,0.5975734315268013
863,0,1,0.3597040025513463,0.6402959974486537
864,0,1,0.3419853093289239,0.6580146906710762
865,1,1,0.2991760940747058,0.7008239059252942
866,0,1,0.41780872837794947,0.5821912716220505
867,1,1,0.3093886638017401,0.6906113361982599
868,0,1,0.3570001054776942,0.6429998945223058
869,1,1,0.2925728533233602,0.7074271466766398
870,1,1,0.3773771798188284,0.6226228201811715
871,1,1,0.3044011305508869,0.6955988694491131
872,0,1,0.2432420470943877,0.7567579529056123
873,0,1,0.35392143678964916,0.646078563210351
874,1,1,0.33520313377421546,0.6647968662257845
875,0,1,0.3511166052725542,0.6488833947274457
876,0,1,0.32529981219234805,0.674700187807652
877,0,1,0.3504146962041836,0.6495853037958166
878,0,1,0.38098261429208935,0.6190173857079107
879,1,1,0.34619050896674175,0.6538094910332581
880,1,1,0.41475484356207715,0.5852451564379229
881,1,1,0.3368174504770384,0.6631825495229615
882,1,1,0.36874847290419244,0.6312515270958077
883,1,1,0.4093896095398983,0.5906103904601017
884,1,1,0.31080820260401426,0.6891917973959858
885,1,1,0.3175786315962838,0.6824213684037164
886,1,1,0.29127538680270754,0.7087246131972924
887,0,1,0.3022668436497947,0.6977331563502054
888,0,1,0.3312123436274663,0.6687876563725337
889,0,1,0.3677994995952493,0.6322005004047506
890,0,1,0.3501204102298975,0.6498795897701026
891,0,1,0.37653563715897176,0.6234643628410281
892,0,1,0.2711185343822319,0.7288814656177682
893,1,1,0.3446377741816911,0.6553622258183088
894,0,1,0.3478314285067905,0.6521685714932095
895,1,1,0.38052462772276063,0.6194753722772395
896,1,1,0.34475853628683273,0.6552414637131673
897,0,1,0.3105287416976168,0.6894712583023832
898,1,1,0.2786730903243872,0.721326909675613
899,1,1,0.3256527558413738,0.6743472441586262
900,1,1,0.4014369344009076,0.5985630655990924
901,1,1,0.3366382292190875,0.6633617707809125
902,1,1,0.3417058935497103,0.6582941064502899
903,0,1,0.3138867908240345,0.6861132091759654
904,0,1,0.268185022785061,0.731814977214939
905,0,1,0.36755749329774334,0.6324425067022568
906,0,1,0.3302610159679155,0.6697389840320844
907,1,1,0.330885194356842,0.6691148056431582
908,1,1,0.33952680740109203,0.6604731925989079
909,1,1,0.38891469560806535,0.6110853043919346
910,1,1,0.37674794343025403,0.623252056569746
911,0,1,0.2907720973562814,0.7092279026437185
912,1,0,0.6330886582806302,0.36691134171936984
913,1,1,0.30143519097493565,0.6985648090250643
914,0,1,0.32016711749932436,0.6798328825006756
915,1,1,0.24057711576009225,0.7594228842399078
916,1,1,0.345067362973997,0.654932637026003
917,1,1,0.25297120379845806,0.747028796201542
918,0,1,0.26144749408519385,0.7385525059148063
919,1,1,0.379063876598409,0.6209361234015909
920,0,1,0.3120096591267244,0.6879903408732756
921,1,1,0.33028931981654625,0.6697106801834538
922,1,1,0.3176060941976788,0.6823939058023212
923,0,1,0.3623978283359222,0.6376021716640777
924,1,1,0.2957906822109429,0.7042093177890572
925,1,1,0.35727067498356113,0.6427293250164388
926,0,1,0.35595468108651396,0.644045318913486
927,1,1,0.34380808665212914,0.6561919133478709
928,1,1,0.3424099539127546,0.6575900460872455
929,0,1,0.39528062895039995,0.6047193710496
930,0,1,0.36557549980774684,0.6344245001922533
931,1,1,0.3858934616875223,0.6141065383124776
932,1,1,0.2682467505115606,0.7317532494884393
933,1,1,0.44635312929021626,0.5536468707097839
934,1,1,0.32931392264381226,0.6706860773561878
935,0,1,0.3153943107991396,0.6846056892008603
936,1,1,0.3746834418147095,0.6253165581852906
937,1,1,0.29098825854472693,0.709011741455273
938,0,1,0.3274345418069046,0.6725654581930953
939,0,1,0.3598955890252672,0.6401044109747328
940,1,1,0.3118481864945083,0.6881518135054916
941,0,1,0.32409525203484224,0.6759047479651578
942,1,1,0.31641756964501366,0.6835824303549862
943,1,1,0.32104863476804113,0.6789513652319589
944,1,1,0.29780766694330624,0.7021923330566937
945,1,1,0.3332660797332623,0.6667339202667377
946,0,1,0.3541823794839733,0.6458176205160266
947,0,1,0.3303458229256093,0.6696541770743907
948,0,1,0.36382981245998985,0.6361701875400101
949,1,1,0.30692286663531065,0.6930771333646892
950,0,1,0.39642860775369576,0.6035713922463043
951,1,1,0.3095544742503106,0.6904455257496894
952,1,1,0.3444149841460113,0.6555850158539888
953,0,1,0.36176424954049863,0.6382357504595015
954,1,1,0.3638823349955845,0.6361176650044155
955,1,1,0.35304618947015487,0.6469538105298454
956,1,1,0.3150120236771935,0.6849879763228065
957,1,1,0.31089653406707296,0.6891034659329272
958,0,1,0.40128731821507485,0.5987126817849253
959,1,1,0.3977089465817744,0.6022910534182256
960,1,1,0.36369156152927623,0.6363084384707238
961,1,1,0.30875919487051057,0.6912408051294895
962,0,1,0.34212133823734564,0.6578786617626544
963,1,1,0.24582058382864347,0.7541794161713565
964,1,1,0.37678561651784787,0.6232143834821522
965,1,1,0.3186977106045769,0.6813022893954231
966,0,1,0.3675276410323302,0.6324723589676697
967,1,1,0.3399241856065051,0.6600758143934949
968,0,1,0.33005836604799316,0.6699416339520069
969,1,1,0.323302967074405,0.676697032925595
970,1,1,0.3739961467589301,0.6260038532410699
971,1,1,0.3790089138087201,0.6209910861912799
972,1,1,0.3346693214195313,0.6653306785804686
973,0,1,0.3992943434024726,0.6007056565975274
974,1,1,0.2838352121261664,0.7161647878738335
975,0,1,0.2907790810412676,0.7092209189587325
976,0,1,0.258489138135041,0.7415108618649591
977,1,1,0.3438098962844938,0.6561901037155062
978,1,1,0.36853040681140914,0.6314695931885909
979,1,1,0.32890433807593417,0.6710956619240658
980,0,1,0.3724826220308172,0.6275173779691827
981,1,1,0.2909944906314513,0.7090055093685487
982,0,1,0.33839021158859056,0.6616097884114096
983,1,1,0.27337561902542634,0.7266243809745736
984,1,1,0.3365562835441955,0.6634437164558045
985,1,1,0.23179388993377792,0.7682061100662221
986,1,1,0.2490202601437348,0.7509797398562651
987,1,1,0.40131827495504124,0.5986817250449586
988,0,1,0.2844188726279223,0.7155811273720776
989,0,1,0.3881049601840522,0.6118950398159477
990,0,1,0.3583922871904066,0.6416077128095934
991,0,1,0.36811029011155366,0.6318897098884464
992,0,1,0.3907858076077827,0.6092141923922174
993,0,1,0.36408030375297634,0.6359196962470236
994,1,1,0.39213214357384796,0.6078678564261519
995,0,1,0.3261912616016925,0.6738087383983075
996,1,1,0.34206802094002386,0.6579319790599761
997,1,1,0.3415228769573699,0.6584771230426301
998,0,1,0.3064158230616091,0.6935841769383908
999,0,1,0.39898989212279046,0.6010101078772094
1000,1,1,0.40503979354070163,0.5949602064592984
1001,1,1,0.3222076353667804,0.6777923646332197
1002,1,1,0.3034723259319466,0.6965276740680533
1003,0,1,0.33311102472921683,0.6668889752707831
1004,0,1,0.34927521372847087,0.6507247862715291
1005,1,1,0.33216896286333863,0.6678310371366614
1006,1,1,0.3615180337603481,0.638481966239652
1007,0,1,0.2997656122242637,0.7002343877757364
1008,0,1,0.38158547926716485,0.6184145207328351
1009,1,1,0.3306113538938852,0.6693886461061149
1010,1,1,0.3030961062694883,0.6969038937305116
1011,1,1,0.33316016327798165,0.6668398367220184
1012,0,1,0.3463424282220662,0.6536575717779337
1013,0,1,0.2917528748794379,0.7082471251205621
1014,0,1,0.3511153837794861,0.6488846162205137
1015,1,1,0.32015658361875754,0.6798434163812426
1016,0,1,0.2885925408128679,0.7114074591871321
1017,1,1,0.31830752832271786,0.6816924716772822
1018,0,1,0.33449051974849864,0.6655094802515014
1019,0,1,0.2932427057805736,0.7067572942194262
1020,1,1,0.3792808651708633,0.6207191348291367
1021,0,1,0.353904531424088,0.6460954685759119
1022,1,1,0.29427826593332085,0.7057217340666793
1023,0,1,0.4263154822004092,0.5736845177995908
1024,0,1,0.31798997782366034,0.6820100221763398
1025,0,1,0.40580763968901135,0.5941923603109887
1026,0,1,0.3456068338774087,0.6543931661225915
1027,0,1,0.3438359481362551,0.6561640518637448
1028,0,1,0.3246413426026657,0.6753586573973342
1029,1,1,0.36113463947477115,0.6388653605252288
1030,1,1,0.3355792542939961,0.6644207457060038
1031,0,1,0.27221696058343875,0.7277830394165612
1032,0,1,0.2986060851819833,0.7013939148180167
1033,0,1,0.3218623483603836,0.6781376516396165
1034,0,1,0.3137094687375329,0.6862905312624671
1035,0,1,0.35325265923159244,0.6467473407684076
1036,0,1,0.3349930281822493,0.6650069718177507
1037,0,1,0.32819882605941,0.67180117394059
1038,0,1,0.2993453183958566,0.7006546816041435
1039,0,1,0.3038137843579717,0.6961862156420283
1040,0,1,0.3314654515713475,0.6685345484286525
1041,0,1,0.40062307117910717,0.5993769288208928
1042,0,1,0.2739752380951806,0.7260247619048195
1043,1,1,0.3688503517480365,0.6311496482519634
1044,0,1,0.32461112282141485,0.6753888771785852
1045,0,1,0.31463297429801235,0.6853670257019876
1046,1,1,0.328021571166493,0.6719784288335069
1047,0,1,0.22675405563535522,0.7732459443646447
1048,0,1,0.31498853113090836,0.6850114688690917
1049,1,1,0.26195028970003664,0.7380497102999632
1050,0,1,0.2733834997587974,0.7266165002412027
1051,0,1,0.3019865248476516,0.6980134751523484
1052,1,1,0.3405072702722995,0.6594927297277005
1053,1,1,0.37732241918597204,0.622677580814028
1054,0,1,0.30595426844874274,0.6940457315512572
1055,0,1,0.3776944468775528,0.6223055531224471
1056,0,1,0.2720618392560229,0.727938160743977
1057,0,1,0.3116119416923448,0.6883880583076554
1058,1,1,0.3979210176677975,0.6020789823322024
1059,0,1,0.347277048465399,0.6527229515346011
1060,0,1,0.36319332240979835,0.6368066775902017
1061,1,1,0.27458645984903135,0.7254135401509687
1062,1,1,0.3102810762085528,0.6897189237914472
1063,0,1,0.36002256308234387,0.6399774369176561
1064,1,1,0.32829947499398526,0.6717005250060148
1065,0,1,0.3818995828424601,0.6181004171575399
1066,0,1,0.3068283744179693,0.6931716255820308
1067,0,1,0.3231755597383985,0.6768244402616015
1068,0,1,0.3468193144392908,0.6531806855607093
1069,1,1,0.2826397650110381,0.7173602349889618
1070,0,1,0.3444599296902667,0.6555400703097334
1071,1,1,0.3123157009095276,0.6876842990904725
1072,1,1,0.34510004173434766,0.6548999582656525
1073,0,1,0.29877105766083334,0.7012289423391667
1074,1,1,0.30103820193041986,0.6989617980695801
1075,1,1,0.34983720480774944,0.6501627951922505
1076,0,1,0.3568972891864724,0.6431027108135275
1077,0,1,0.29138139023163717,0.7086186097683628
1078,1,1,0.3395296923243734,0.6604703076756264
1079,0,1,0.4064589781706794,0.5935410218293206
1080,1,1,0.35419515852565353,0.6458048414743465
1081,1,1,0.23051584052610985,0.7694841594738902
1082,0,1,0.31613725228912126,0.6838627477108787
1083,0,1,0.3966992610888228,0.6033007389111773
1084,1,1,0.339921093354163,0.660078906645837
1085,1,1,0.3526683150118726,0.6473316849881274
1086,1,1,0.26710862876986546,0.7328913712301346
1087,0,1,0.3356059777143306,0.6643940222856695
1088,0,1,0.35506809656930755,0.6449319034306924
1089,0,1,0.31876013960334404,0.681239860396656
1090,0,1,0.39412088056471734,0.6058791194352826
1091,0,1,0.2938246640815644,0.7061753359184356
1092,1,1,0.39907629873640615,0.6009237012635938
1093,0,1,0.2785568183321944,0.7214431816678057
1094,1,1,0.3150897799807021,0.6849102200192979
1095,1,1,0.31273908153789637,0.6872609184621037
1096,1,1,0.3233976343821224,0.6766023656178777
1097,0,1,0.3440154670403147,0.6559845329596854
1098,0,1,0.3403808007148679,0.659619199285132
1099,0,1,0.3199147073614462,0.6800852926385538
1100,0,1,0.31538152290110943,0.6846184770988906
1101,0,1,0.3455417757041819,0.6544582242958181
1102,0,1,0.3645505414399713,0.6354494585600288
1103,1,1,0.39516468919805425,0.6048353108019457
1104,1,1,0.37080999695841077,0.6291900030415891
1105,0,1,0.2992635772633655,0.7007364227366345
1106,0,1,0.28927669747721957,0.7107233025227804
1107,1,1,0.3326548862744688,0.6673451137255312
1108,1,1,0.3385820011475369,0.6614179988524629
1109,1,1,0.3505256404137924,0.6494743595862076
1110,0,1,0.3367654565023766,0.6632345434976235
1111,0,1,0.3100566233862822,0.6899433766137177
1112,1,1,0.29633810954243245,0.7036618904575676
1113,1,1,0.28825436840660806,0.7117456315933919
1114,1,1,0.3419037847646492,0.6580962152353507
1115,0,1,0.29847691428596584,0.7015230857140341
1116,1,1,0.3210502769118688,0.6789497230881312
1117,0,1,0.3242487228642977,0.6757512771357022
1118,1,1,0.3441364364485568,0.6558635635514432
1119,0,1,0.35516639255703364,0.6448336074429663
1120,1,1,0.3819811613409487,0.6180188386590513
1121,1,1,0.269080192608278,0.730919807391722
1122,0,1,0.3603201784110879,0.6396798215889121
1123,1,1,0.28240454390432534,0.7175954560956748
1124,0,1,0.40872338546168024,0.5912766145383196
1125,0,1,0.34396384247657996,0.6560361575234199
1126,0,1,0.2564446176595211,0.7435553823404789
1127,1,1,0.354503620434052,0.6454963795659481
1128,1,1,0.3083308408957805,0.6916691591042194
1129,1,1,0.38004644826947115,0.6199535517305289
1130,0,1,0.3319796638062945,0.6680203361937055
1131,0,1,0.3098074823677919,0.6901925176322081
1132,0,1,0.2826161402670146,0.7173838597329855
1133,1,1,0.30618008427528604,0.693819915724714
1134,1,1,0.3379070542095597,0.6620929457904403
1135,1,1,0.29381380675750596,0.706186193242494
1136,0,1,0.318637691959388,0.681362308040612
1137,0,1,0.287083829776425,0.7129161702235751
1138,0,1,0.3599171113772088,0.6400828886227912
1139,1,1,0.2674910453623373,0.7325089546376626
1140,1,1,0.34399389349448406,0.656006106505516
1141,1,1,0.3033138169597287,0.6966861830402713
1142,0,1,0.3467509541172064,0.6532490458827936
1143,0,1,0.33274166101823305,0.667258338981767
1144,0,1,0.36496979334314433,0.6350302066568556
1145,1,1,0.2913832330877472,0.7086167669122527
1146,0,1,0.34787721878324984,0.6521227812167503
1147,1,1,0.43712364530140524,0.5628763546985949
1148,1,1,0.26532900832024786,0.7346709916797521
1149,1,1,0.35005021343452797,0.649949786565472
1150,0,1,0.3196659333193755,0.6803340666806246
1151,1,1,0.4002414353047295,0.5997585646952706
1152,0,1,0.34780921642655876,0.6521907835734413
1153,1,1,0.37044078328713304,0.629559216712867
1154,0,1,0.354600500306866,0.645399499693134
1155,1,1,0.31058203331798134,0.6894179666820186
1156,0,1,0.33151149933146906,0.6684885006685308
1157,0,1,0.3367323376419731,0.6632676623580269
1158,0,1,0.36941257082751,0.63058742917249
1159,0,1,0.28536254829084107,0.7146374517091589
1160,0,1,0.33854195189719594,0.6614580481028041
1161,1,1,0.3654095887989001,0.6345904112010998
1162,1,1,0.37186589660663444,0.6281341033933656
1163,0,1,0.3767826319785162,0.6232173680214838
1164,1,1,0.3491305143133083,0.6508694856866917
1165,0,1,0.38385741644800764,0.6161425835519925
1166,0,1,0.36709989371808127,0.6329001062819186
1167,0,1,0.31783490894623645,0.6821650910537636
1168,1,1,0.4278782906451089,0.5721217093548912
1169,1,1,0.3252445228475018,0.6747554771524983
1170,1,1,0.4283515187146876,0.5716484812853125
1171,1,1,0.355733777597047,0.644266222402953
1172,0,1,0.3708656120776989,0.629134387922301
1173,1,1,0.3976147472670561,0.6023852527329439
1174,1,1,0.3974107134231988,0.6025892865768012
1175,0,1,0.37209904244964565,0.6279009575503542
1176,1,1,0.35318116362315327,0.6468188363768467
1177,1,1,0.30949719822940086,0.690502801770599
1178,0,1,0.32838436593331927,0.6716156340666808
1179,0,1,0.37387948534237214,0.6261205146576279
1180,0,1,0.32353734499616377,0.6764626550038363
1181,1,1,0.4048806979489667,0.5951193020510335
1182,1,1,0.36516918533950526,0.6348308146604947
1183,0,1,0.32637999694886033,0.6736200030511398
1184,1,1,0.3391960849465666,0.6608039150534334
1185,1,1,0.3196054562165552,0.6803945437834449
1186,0,1,0.32458611769510787,0.6754138823048922
1187,0,1,0.30998306655454444,0.6900169334454556
1188,1,1,0.26947765808023355,0.7305223419197665
1189,1,1,0.31556925834349275,0.6844307416565072
1190,0,1,0.2968393152974606,0.7031606847025396
1191,1,1,0.3330142478946858,0.6669857521053142
1192,0,1,0.3593374090963504,0.6406625909036495
1193,1,1,0.3705153993291814,0.6294846006708187
1194,0,1,0.3400874704960549,0.6599125295039451
1195,0,1,0.3427067991867151,0.6572932008132849
1196,1,1,0.3912451537362768,0.6087548462637231
1197,1,1,0.2637025824487756,0.7362974175512245
1198,0,1,0.37073787463089625,0.6292621253691038
1199,1,1,0.2583369049453317,0.7416630950546683
1200,0,1,0.31550667600188786,0.6844933239981121
1201,0,1,0.2923177962643716,0.7076822037356283
1202,1,1,0.3887423505379573,0.6112576494620428
1203,1,1,0.28056769746417415,0.719432302535826
1204,1,1,0.2744275076560279,0.725572492343972
1205,1,1,0.38627390142297546,0.6137260985770246
1206,1,1,0.3001736191925017,0.6998263808074983
1207,1,1,0.3210331750555902,0.6789668249444099
1208,1,1,0.2876542974117241,0.7123457025882758
1209,0,1,0.3789400057184412,0.6210599942815589
1210,0,1,0.3018431528022789,0.6981568471977211
1211,1,1,0.2891690562688744,0.7108309437311257
1212,1,1,0.3773630218821166,0.6226369781178833
1213,1,1,0.2757575002977171,0.7242424997022829
1214,1,1,0.30396687276192835,0.6960331272380716
1215,0,1,0.28126370052651056,0.7187362994734894
1216,0,1,0.3279863269093045,0.6720136730906956
1217,0,1,0.37740370764014985,0.6225962923598503
1218,1,1,0.3257697248526526,0.6742302751473475
1219,1,1,0.29869581967738834,0.7013041803226115
1220,0,1,0.299885098065229,0.700114901934771
1221,0,1,0.3201217976402422,0.6798782023597578
1222,0,1,0.3240328207573782,0.6759671792426218
1223,1,1,0.3821992723965889,0.6178007276034111
1224,0,1,0.28148322400109593,0.718516775998904
1225,1,1,0.344851083156945,0.6551489168430551
1226,0,1,0.27558137112555414,0.7244186288744459
1227,0,1,0.34482111125927006,0.6551788887407299
1228,0,1,0.33001402731641505,0.6699859726835851
1229,1,1,0.2909635332292792,0.7090364667707209
1230,0,1,0.4090929897005915,0.5909070102994085
1231,0,1,0.2816682891743671,0.718331710825633
1232,1,1,0.29689659903782806,0.7031034009621719
1233,1,1,0.2768705464905329,0.7231294535094671
1234,1,1,0.37568038658857,0.6243196134114302
1235,1,1,0.27405149726412886,0.7259485027358712
1236,1,1,0.24881038426770505,0.751189615732295
1237,0,1,0.36564737009113196,0.634352629908868
1238,0,1,0.27416702287226746,0.7258329771277325
1239,0,1,0.24591165213323632,0.7540883478667637
1240,1,1,0.29613488415620015,0.7038651158437998
1241,1,1,0.32001632845564776,0.6799836715443522
1242,1,1,0.23737294786962118,0.7626270521303788
1243,0,1,0.37838368419654284,0.6216163158034572
1244,1,1,0.31909706528127346,0.6809029347187265
1245,1,1,0.36298101293263874,0.6370189870673613
1246,1,1,0.2918976984582451,0.7081023015417549
1247,1,1,0.2531777284058963,0.7468222715941036
1248,0,1,0.342410968552851,0.657589031447149
1249,1,1,0.25416749732024185,0.7458325026797581
1250,1,1,0.3583382500666289,0.6416617499333712
1251,0,1,0.31474993107983423,0.6852500689201657
1252,1,1,0.35540540948903043,0.6445945905109696
1253,0,1,0.3230131230061429,0.6769868769938571
1254,0,1,0.2944680903896186,0.7055319096103816
1255,1,1,0.33519409944223194,0.664805900557768
1256,1,1,0.3283156845125808,0.6716843154874192
1257,1,1,0.2971964162177019,0.7028035837822981
1258,0,1,0.3354752971570946,0.6645247028429053
1259,0,1,0.374333955138261,0.6256660448617389
1260,1,1,0.35008871705878697,0.649911282941213
1261,0,1,0.25438599716067767,0.7456140028393223
1262,1,1,0.3535495801842042,0.6464504198157959
1263,0,1,0.3514874320222625,0.6485125679777375
1264,0,1,0.373146887832248,0.6268531121677521
1265,1,1,0.37006527823877233,0.6299347217612277
1266,0,1,0.3177435226217964,0.6822564773782037
1267,1,1,0.32032242208766093,0.6796775779123392
1268,1,1,0.34956777460406807,0.6504322253959318
1269,0,1,0.3070407215660773,0.6929592784339228
1270,1,1,0.3386395764820633,0.6613604235179369
1271,0,1,0.2500020882543366,0.7499979117456633
1272,0,1,0.37325061290423184,0.6267493870957681
1273,1,1,0.31139291800597074,0.6886070819940293
1274,0,1,0.30178025400708974,0.6982197459929103
1275,1,1,0.27419825114021823,0.7258017488597818
1276,0,1,0.3018592276240808,0.6981407723759192
1277,1,1,0.268352502227729,0.7316474977722711
1278,1,1,0.30788356038446074,0.6921164396155395
1279,1,1,0.31515879026963184,0.6848412097303682
1280,1,1,0.39573308662869106,0.6042669133713089
1281,0,1,0.3069853836210177,0.6930146163789823
1282,1,1,0.358561872345067,0.641438127654933
1283,0,1,0.3451529142724319,0.6548470857275681
1284,0,1,0.3592134613625307,0.6407865386374694
1285,0,1,0.35662951900700357,0.6433704809929964
1286,1,1,0.382037377923832,0.617962622076168
1287,1,1,0.2890268142925686,0.7109731857074315
1288,0,1,0.3268966933604679,0.6731033066395322
1289,1,1,0.3207968095440642,0.6792031904559358
1290,0,1,0.30339765186678586,0.6966023481332142
1291,0,1,0.3638529857624556,0.6361470142375445
1292,1,1,0.34755608690367806,0.6524439130963219
1293,1,1,0.30836205493962204,0.691637945060378
1294,1,1,0.27126550894956125,0.7287344910504387
1295,0,1,0.3290646636121558,0.6709353363878443
1296,0,1,0.3684540366735732,0.6315459633264269
1297,1,1,0.3884944546130842,0.6115055453869159
1298,1,1,0.3325188306853339,0.6674811693146661
1299,1,1,0.370963300093499,0.6290366999065009
1300,1,1,0.32461860331936065,0.6753813966806393
1301,0,1,0.31350050008466496,0.6864994999153351
1302,0,1,0.3198113706510277,0.6801886293489723
1303,1,1,0.3121920249389693,0.6878079750610306
1304,1,1,0.3097500013638296,0.6902499986361703
1305,0,1,0.33921751664433086,0.6607824833556691
1306,1,1,0.38295825490061386,0.6170417450993861
1307,1,1,0.34532308012796625,0.6546769198720337
1308,1,1,0.392471484010608,0.6075285159893922
1309,1,1,0.36211648136802127,0.6378835186319787
1310,0,1,0.3137338129412413,0.6862661870587587
1311,1,1,0.3179499492870763,0.6820500507129237
1312,1,1,0.257529032765921,0.7424709672340789
1313,0,1,0.31679785556967377,0.6832021444303262
1314,1,1,0.3471552292058516,0.6528447707941483
1315,0,1,0.3506077047252732,0.6493922952747269
1316,0,1,0.3378109917480298,0.6621890082519701
1317,1,1,0.342866251134289,0.657133748865711
1318,0,1,0.30093508998526913,0.6990649100147308
1319,1,1,0.3294421795335179,0.670557820466482
1320,1,1,0.3306835541948292,0.6693164458051708
1321,0,1,0.31052448719361275,0.6894755128063872
1322,1,1,0.39779831633205465,0.6022016836679454
1323,1,1,0.3580079534517395,0.6419920465482604
1324,1,1,0.39272086947131263,0.6072791305286873
1325,1,1,0.33750341136862155,0.6624965886313785
1326,1,1,0.34759472684256587,0.6524052731574341
1327,0,1,0.30192287119576083,0.6980771288042391
1328,0,1,0.349125242752985,0.650874757247015
1329,0,1,0.3246844099062369,0.6753155900937631
1330,0,1,0.3366554275657983,0.6633445724342018
1331,0,1,0.32024798513813196,0.6797520148618681
1332,1,1,0.2836653903297617,0.7163346096702383
1333,0,1,0.3122392880553208,0.6877607119446791
1334,1,1,0.38614696296964424,0.6138530370303558
1335,0,1,0.34508044084426737,0.6549195591557327
1336,0,1,0.34998768708625466,0.6500123129137454
1337,0,1,0.22320914663033606,0.7767908533696639
1338,1,1,0.32900241397557667,0.6709975860244234
1339,1,1,0.35394752969402904,0.6460524703059709
1340,0,1,0.35401497517104563,0.6459850248289544
1341,1,1,0.34179896849192887,0.6582010315080712
1342,1,1,0.4389569536898959,0.5610430463101042
1343,1,1,0.3520459163621866,0.6479540836378134
1344,0,1,0.3490225603916099,0.6509774396083902
1345,1,1,0.3353038647136193,0.6646961352863808
1346,1,1,0.3161725721269166,0.6838274278730834
1347,0,1,0.31072046795423286,0.6892795320457672
1348,1,1,0.3437014754975159,0.656298524502484
1349,1,1,0.30328259297337107,0.696717407026629
1350,1,1,0.42404887489881177,0.5759511251011882
1351,0,1,0.30971104811145456,0.6902889518885456
1352,0,1,0.3784148358495005,0.6215851641504995
1353,1,1,0.32018047690455254,0.6798195230954474
1354,0,1,0.2971533257407822,0.7028466742592179
1355,1,1,0.2987287829991292,0.7012712170008708
1356,1,1,0.31804759544316386,0.6819524045568361
1357,1,1,0.4164325771683062,0.5835674228316939
1358,1,1,0.3409467101017728,0.6590532898982271
1359,1,1,0.3797007310081362,0.6202992689918638
1360,0,1,0.34216273620884097,0.6578372637911589
1361,1,1,0.3779967881259058,0.6220032118740942
1362,0,1,0.2939599992339316,0.7060400007660685
1363,0,1,0.3104232353886336,0.6895767646113663
1364,1,1,0.3118201143398189,0.6881798856601811
1365,0,1,0.3153970237006155,0.6846029762993846
1366,1,1,0.3437809750269643,0.6562190249730356
1367,1,1,0.38699576414150333,0.6130042358584966
1368,1,1,0.296185449725779,0.703814550274221
1369,1,1,0.3651987881527619,0.6348012118472381
1370,1,1,0.2732060865544324,0.7267939134455677
1371,0,1,0.3764285918302499,0.6235714081697501
1372,1,1,0.36232458380759935,0.6376754161924005
1373,1,1,0.3747762487384865,0.6252237512615135
1374,1,1,0.3016909339328521,0.6983090660671478
1375,1,1,0.39092450461701855,0.6090754953829814
1376,1,1,0.3100956101469127,0.6899043898530872
1377,0,1,0.4092619087757101,0.5907380912242899
1378,1,1,0.41863136226314324,0.5813686377368568
1379,1,1,0.33996049438820275,0.6600395056117973
1380,0,1,0.34098080638722084,0.6590191936127792
1381,1,1,0.36025330732896793,0.639746692671032
1382,0,1,0.4233113867106594,0.5766886132893405
1383,1,1,0.3544237468982036,0.6455762531017964
1384,1,1,0.33969530550274607,0.6603046944972539
1385,1,1,0.286969498008455,0.7130305019915449
1386,0,1,0.3735473859678926,0.6264526140321074
1387,0,1,0.4092353490281508,0.5907646509718493
1388,1,1,0.3017261449424489,0.698273855057551
1389,0,1,0.31956362785412923,0.6804363721458708
1390,1,1,0.4274539506444112,0.5725460493555887
1391,1,1,0.34798368939583446,0.6520163106041654
1392,0,1,0.387404029552002,0.612595970447998
1393,1,1,0.38767998276644605,0.6123200172335539
1394,1,1,0.3846838297754647,0.6153161702245352
1395,1,1,0.41536169320958466,0.5846383067904153
1396,0,1,0.36289054251036196,0.637109457489638
1397,0,1,0.40214072508947724,0.5978592749105226
1398,1,1,0.30992274808595427,0.6900772519140458
1399,1,1,0.4100351102232495,0.5899648897767504
1400,1,1,0.2925788803356789,0.707421119664321
1401,1,1,0.279371530667209,0.7206284693327911
1402,1,1,0.3337437890711659,0.6662562109288341
1403,1,1,0.30930031134371466,0.6906996886562854
1404,1,1,0.33712657560457476,0.6628734243954252
1405,1,1,0.35003710850199715,0.6499628914980029
1406,0,1,0.2656873285205554,0.7343126714794447
1407,1,1,0.2674275347643349,0.7325724652356651
1408,1,1,0.33720824015387224,0.6627917598461278
1409,0,1,0.33658794391201446,0.6634120560879855
1410,0,1,0.3402640780487026,0.6597359219512973
1411,1,1,0.22381368270467197,0.7761863172953282
1412,0,1,0.34035962605719333,0.6596403739428067
1413,1,1,0.3287960510660743,0.6712039489339258
1414,0,1,0.3451885083775538,0.6548114916224461
1415,0,1,0.3662969450240607,0.6337030549759394
1416,1,1,0.4068290505244135,0.5931709494755865
1417,1,1,0.3320295011071744,0.6679704988928257
1418,1,1,0.28970448967727586,0.7102955103227241
1419,1,1,0.3004992351006076,0.6995007648993923
1420,0,1,0.35772497401193104,0.642275025988069
1421,0,1,0.27575818618728354,0.7242418138127164
1422,0,1,0.41472084501622986,0.5852791549837701
1423,1,1,0.4197885482656607,0.5802114517343393
1424,0,1,0.29464804730088,0.7053519526991199
1425,0,1,0.3265781157801968,0.6734218842198032
1426,0,1,0.4012280286689412,0.5987719713310587
1427,0,1,0.3690366053310756,0.6309633946689244
1428,1,1,0.3549485792367777,0.6450514207632223
1429,1,1,0.41150643696788325,0.5884935630321168
1430,1,1,0.3951688757782296,0.6048311242217703
1431,0,1,0.3123258339944953,0.6876741660055048
1432,1,1,0.3313408650131161,0.6686591349868839
1433,0,1,0.36369764484955763,0.6363023551504423
1434,0,1,0.2882483468186376,0.7117516531813624
1435,0,1,0.2716906492217081,0.728309350778292
1436,0,1,0.3355236110353566,0.6644763889646434
1437,0,1,0.318853164312428,0.681146835687572
1438,1,1,0.3719801941475982,0.6280198058524019
1439,1,1,0.26971843063375567,0.7302815693662443
1440,0,1,0.3624695981433825,0.6375304018566175
1441,0,1,0.4386815236295838,0.5613184763704163
1442,0,1,0.2744960670580826,0.7255039329419174
1443,0,1,0.44110101573032096,0.5588989842696792
1444,1,1,0.41186517099238856,0.5881348290076116
1445,1,1,0.35484005494148635,0.6451599450585137
1446,0,1,0.35670797521118197,0.6432920247888181
1447,0,1,0.35141303868476104,0.648586961315239
1448,0,1,0.29335898929549015,0.7066410107045098
1449,1,1,0.3291021361551097,0.6708978638448904
1450,0,1,0.4012992311887512,0.5987007688112488
1451,1,1,0.3685894015923417,0.6314105984076583
1452,1,1,0.32608066288799936,0.6739193371120007
1453,1,1,0.4057480060384838,0.5942519939615162
1454,1,1,0.40747803540102145,0.5925219645989787
1455,0,1,0.3129569631812988,0.6870430368187013
1456,0,1,0.3149153152347205,0.6850846847652794
1457,0,1,0.25708221928324176,0.7429177807167583
1458,0,1,0.3498714955048055,0.6501285044951945
1459,1,1,0.33595977120699416,0.6640402287930058
1460,1,1,0.32945829795253706,0.6705417020474629
1461,0,1,0.3598607907735657,0.6401392092264343
1462,0,1,0.400149087945979,0.5998509120540211
1463,0,1,0.31910983243325325,0.6808901675667467
1464,0,1,0.26658472437834496,0.7334152756216552
1465,0,1,0.31232686221523737,0.6876731377847627
1466,0,1,0.26295056215245344,0.7370494378475465
1467,1,1,0.37972640013992054,0.6202735998600793
1468,1,1,0.3697008472929688,0.6302991527070312
1469,1,1,0.3907527455190567,0.6092472544809433
1470,1,1,0.34932230874458103,0.6506776912554191
1471,0,1,0.2831100505120275,0.7168899494879726
1472,0,1,0.32777373465124104,0.6722262653487591
1473,1,1,0.33230906136798805,0.6676909386320119
1474,1,1,0.3620144207357514,0.6379855792642486
1475,1,1,0.3221223161474481,0.6778776838525521
1476,0,1,0.3535589971052054,0.6464410028947947
1477,0,1,0.3480735826662742,0.6519264173337258
1478,1,1,0.3184166018664904,0.6815833981335098
1479,0,1,0.30533264078577244,0.6946673592142274
1480,0,1,0.34575233287983864,0.6542476671201615
1481,1,1,0.34516749436333716,0.6548325056366628
1482,0,1,0.3894001087392705,0.6105998912607294
1483,0,1,0.3502179182250705,0.6497820817749295
1484,0,1,0.3568294257453149,0.6431705742546852
1485,0,1,0.3363052009177669,0.6636947990822331
1486,1,1,0.3722911694563214,0.6277088305436785
1487,0,1,0.3131011446337855,0.6868988553662145
1488,0,1,0.3586602330204082,0.6413397669795917
1489,0,1,0.42035506367561765,0.5796449363243824
1490,0,1,0.307427368750205,0.6925726312497951
1491,0,1,0.3702126318441612,0.6297873681558388
1492,0,1,0.30537604932349155,0.6946239506765084
1493,0,1,0.2755624691096314,0.7244375308903686
1494,0,1,0.3890739448169463,0.6109260551830537
1495,0,1,0.2753047110886252,0.7246952889113748
1496,1,1,0.3324835980352083,0.6675164019647917
1497,0,1,0.3517355429512854,0.6482644570487145
1498,1,1,0.34779725907513537,0.6522027409248646
1499,0,1,0.34707195744580854,0.6529280425541915
1500,0,1,0.3003398542853432,0.6996601457146567
1501,0,1,0.3083587220774991,0.691641277922501
1502,1,1,0.34386305485148944,0.6561369451485106
1503,0,1,0.24553098926104192,0.754469010738958
1504,1,1,0.24310630313633197,0.756893696863668
1505,1,1,0.31434883727616586,0.6856511627238342
1506,0,1,0.2562311674046629,0.7437688325953371
1507,0,1,0.37314444856525975,0.6268555514347403
1508,1,1,0.25735999530283354,0.7426400046971664
1509,1,1,0.3930844957198225,0.6069155042801775
1510,0,1,0.32419430825403917,0.6758056917459607
1511,1,1,0.3293302800447461,0.6706697199552538
1512,1,1,0.33122438697350265,0.6687756130264974
1513,0,1,0.38568817124370514,0.614311828756295
1514,0,1,0.3829825183741197,0.6170174816258804
1515,0,1,0.2932340618567395,0.7067659381432604
1516,0,1,0.30907793097921493,0.690922069020785
1517,1,1,0.3446131700720474,0.6553868299279526
1518,0,1,0.37319783201584394,0.626802167984156
1519,1,1,0.3323116532099542,0.6676883467900457
1520,0,1,0.3944501671317754,0.6055498328682247
1521,0,1,0.473837948386323,0.5261620516136769
1522,0,1,0.3193535149818353,0.6806464850181648
1523,1,1,0.34715147504024696,0.652848524959753
1524,1,1,0.38945844748017594,0.6105415525198241
1525,0,1,0.3224098625640087,0.6775901374359914
1526,1,1,0.3192281916755776,0.6807718083244225
1527,1,1,0.3359770250577726,0.6640229749422273
1528,0,1,0.3874270407832405,0.6125729592167596
1529,1,1,0.33489681926858517,0.6651031807314148
1530,1,1,0.357949754783824,0.642050245216176
1531,1,1,0.33161636992521054,0.6683836300747894
1532,1,1,0.35879498689569495,0.641205013104305
1533,0,1,0.3479463616467706,0.6520536383532294
1534,0,1,0.31254225221711185,0.6874577477828883
1535,1,1,0.29840648776345047,0.7015935122365495
1536,0,1,0.3410418821956039,0.6589581178043961
1537,0,1,0.3357205393308741,0.664279460669126
1538,1,1,0.330166676661041,0.6698333233389591
1539,1,1,0.3126305692025536,0.6873694307974463
1540,1,1,0.34469027794842694,0.6553097220515731
1541,0,1,0.2578437358957793,0.7421562641042205
1542,0,1,0.327004907298628,0.672995092701372
1543,1,1,0.3736817021865617,0.6263182978134383
1544,1,1,0.3216663847117611,0.6783336152882389
1545,0,1,0.3125801388480329,0.6874198611519671
1546,1,1,0.25064899111372485,0.7493510088862751
1547,1,1,0.2917451913573523,0.7082548086426477
1548,1,1,0.36528684419097374,0.6347131558090264
1549,0,1,0.30544931174241446,0.6945506882575856
1550,1,1,0.38524432077824,0.6147556792217599
1551,0,1,0.2934200771930616,0.7065799228069385
1552,0,1,0.3672131739466148,0.6327868260533851
1553,1,1,0.385017969797849,0.6149820302021509
1554,0,1,0.3388637166609316,0.6611362833390684
1555,1,1,0.34312584575756444,0.6568741542424356
1556,0,1,0.30184337082897655,0.6981566291710235
1557,1,1,0.3405519577933874,0.6594480422066126
1558,1,1,0.38365444881994254,0.6163455511800575
1559,0,1,0.28620790911163374,0.7137920908883664
1560,1,1,0.2894532897041354,0.7105467102958646
1561,0,1,0.2704560370371169,0.729543962962883
1562,1,1,0.38980222067847975,0.6101977793215203
1563,1,1,0.33243401611012696,0.6675659838898731
1564,1,1,0.2904469827055274,0.7095530172944726
1565,0,1,0.3198219580999874,0.6801780419000125
1566,1,1,0.3059237112746998,0.6940762887253002
1567,0,1,0.41473604172185924,0.5852639582781407
1568,0,1,0.32343801724150456,0.6765619827584954
1569,1,1,0.2853000805115245,0.7146999194884756
1570,0,1,0.3447366138213751,0.6552633861786248
1571,1,1,0.42293023971192967,0.5770697602880703
1572,1,1,0.312866459353266,0.6871335406467338
1573,1,1,0.348914362079373,0.6510856379206269
1574,1,1,0.4023763506255623,0.5976236493744378
1575,1,1,0.3763562434164877,0.6236437565835123
1576,1,1,0.2915598722122849,0.708440127787715
1577,0,1,0.331806789849798,0.6681932101502019
1578,1,1,0.3571774386228196,0.6428225613771804
1579,1,1,0.28639600079358474,0.7136039992064154
1580,1,1,0.2505438668991239,0.7494561331008761
1581,0,1,0.29620489086953683,0.7037951091304633
1582,0,1,0.36024751611645933,0.6397524838835406
1583,0,1,0.2861517772229741,0.7138482227770259
1584,0,1,0.303278797528668,0.6967212024713322
1585,0,1,0.3374726862496418,0.6625273137503582
1586,1,1,0.23285125877420304,0.767148741225797
1587,0,1,0.25916672243632544,0.7408332775636745
1588,1,1,0.4301482603264223,0.5698517396735776
1589,0,1,0.36142819035613666,0.6385718096438633
1590,0,1,0.3339909819093055,0.6660090180906946
1591,0,1,0.4268311636499853,0.5731688363500147
1592,0,1,0.33765917845627524,0.6623408215437248
1593,1,1,0.38317153010892263,0.6168284698910774
1594,1,1,0.2515049388655606,0.7484950611344394
1595,1,1,0.30769108740495815,0.6923089125950418
1596,0,1,0.3580113059158087,0.6419886940841912
1597,1,1,0.3822291094586447,0.6177708905413555
1598,1,1,0.3843596273446678,0.6156403726553322
1599,0,1,0.2862732797486408,0.7137267202513592
1600,1,1,0.4109345045693016,0.5890654954306983
1601,0,1,0.359234015590869,0.640765984409131
1602,1,1,0.2922183970235809,0.7077816029764191
1603,0,1,0.30020231104407696,0.699797688955923
1604,1,1,0.33720481224015825,0.6627951877598418
1605,1,1,0.38348622021484474,0.6165137797851552
1606,1,1,0.3982467903954535,0.6017532096045465
1607,1,1,0.33433548258807866,0.6656645174119215
1608,0,1,0.3393289349115301,0.6606710650884698
1609,0,1,0.33646560362542094,0.663534396374579
1610,1,1,0.3469165580483487,0.6530834419516514
1611,1,1,0.4044253808989007,0.5955746191010993
1612,0,1,0.33482720398754123,0.6651727960124587
1613,0,1,0.32001940279757723,0.6799805972024229
1614,0,1,0.323868118550413,0.676131881449587
1615,0,1,0.33411893352324773,0.6658810664767523
1616,0,1,0.400909026380075,0.5990909736199251
1617,0,1,0.32797247220284237,0.6720275277971577
1618,1,1,0.3743027199165634,0.6256972800834366
1619,1,1,0.3819120522161952,0.6180879477838048
1620,1,1,0.2949267590850597,0.7050732409149403
1621,1,1,0.33478248634474556,0.6652175136552545
1622,1,1,0.3999535316028738,0.6000464683971263
1623,0,1,0.3227082809658868,0.6772917190341132
1624,1,1,0.47099027014082195,0.529009729859178
1625,0,1,0.3019438182503415,0.6980561817496584
1626,0,1,0.3281104734124773,0.6718895265875227
1627,0,1,0.3298523063351306,0.6701476936648695
1628,0,1,0.34641938482891504,0.653580615171085
1629,0,1,0.2610873112969333,0.7389126887030668
1630,1,1,0.3705737203886285,0.6294262796113714
1631,1,1,0.33807720218727333,0.6619227978127266
1632,1,1,0.328644898732525,0.671355101267475
1633,1,1,0.2923389693487275,0.7076610306512725
1634,0,1,0.3253064464893665,0.6746935535106335
1635,0,1,0.38876879213947585,0.6112312078605242
1636,0,1,0.3330589159105889,0.6669410840894111
1637,1,1,0.26535046158195436,0.7346495384180456
1638,0,1,0.30154194184064487,0.6984580581593551
1639,1,0,0.546187620930465,0.4538123790695351
1640,1,1,0.33899412118149896,0.6610058788185009
1641,1,1,0.3433514963120747,0.6566485036879253
1642,1,1,0.3200014765335839,0.6799985234664161
1643,1,1,0.3190470971419188,0.6809529028580812
1644,1,1,0.3566211683559009,0.643378831644099
1645,1,1,0.3181859676413832,0.6818140323586168
1646,1,1,0.3364010742036803,0.6635989257963197
1647,0,1,0.3524653393932589,0.6475346606067411
1648,0,1,0.3296701582546426,0.6703298417453574
1649,0,1,0.3747300350455068,0.6252699649544932
1650,0,1,0.35299750084001424,0.6470024991599858
1651,1,1,0.3821991059601804,0.6178008940398196
1652,0,1,0.3113618177722045,0.6886381822277956
1653,1,1,0.3447123729511376,0.6552876270488623
1654,0,1,0.33717741893517456,0.6628225810648254
1655,1,1,0.33788919820932134,0.6621108017906787
1656,0,1,0.3761286940121202,0.6238713059878798
1657,1,1,0.300426399304381,0.699573600695619
1658,1,1,0.3011199768967732,0.6988800231032267
1659,0,1,0.31173139600557326,0.6882686039944267
1660,1,1,0.40042345112321054,0.5995765488767892
1661,1,1,0.3292495413478461,0.670750458652154
1662,1,1,0.34321233170556215,0.6567876682944378
1663,0,1,0.36615296817717347,0.6338470318228264
1664,1,1,0.360634252469647,0.6393657475303529
1665,1,1,0.3335871965982314,0.6664128034017684
1666,0,1,0.3455040463991201,0.65449595360088
1667,0,1,0.3703403245053055,0.6296596754946946
1668,0,1,0.35764207213808236,0.6423579278619176
1669,0,1,0.3666538064325686,0.6333461935674314
1670,1,1,0.3246293231813195,0.6753706768186805
1671,0,1,0.4304979902768126,0.5695020097231875
1672,1,1,0.2543902939241377,0.7456097060758623
1673,0,1,0.3189344624614258,0.6810655375385741
1674,1,1,0.3261565745999138,0.6738434254000862
1675,1,1,0.3375073443758511,0.662492655624149
1676,0,1,0.35020716746503144,0.6497928325349684
1677,0,1,0.42266204626481313,0.5773379537351868
1678,1,1,0.3580677467383937,0.6419322532616063
1679,0,1,0.3864373369036134,0.6135626630963864
1680,1,1,0.28711101612047124,0.7128889838795287
1681,0,1,0.2564832336958579,0.743516766304142
1682,1,1,0.36184012208089406,0.638159877919106
1683,0,1,0.31179168795947604,0.688208312040524
1684,0,1,0.3261534104198856,0.6738465895801145
1685,0,1,0.2219019472121845,0.7780980527878155
1686,0,1,0.36528995672079284,0.634710043279207
1687,0,1,0.32154541585385094,0.6784545841461491
1688,1,1,0.3073558983989957,0.6926441016010043
1689,0,1,0.31863207080910966,0.6813679291908904
1690,1,1,0.3329278855170785,0.6670721144829215
1691,0,1,0.2767721427435357,0.7232278572564643
1692,1,1,0.3300793186294162,0.6699206813705839
1693,1,1,0.23862057708346412,0.7613794229165358
1694,0,1,0.34883233764073174,0.6511676623592684
1695,1,1,0.32568847725135597,0.674311522748644
1696,0,1,0.29854830344033056,0.7014516965596694
1697,1,1,0.3421209238618935,0.6578790761381065
1698,0,1,0.309881250057507,0.690118749942493
1699,1,1,0.4130982830238892,0.5869017169761109
1700,1,1,0.40008417100238947,0.5999158289976105
1701,0,1,0.38155655472479244,0.6184434452752074
1702,0,1,0.32880260738734324,0.6711973926126567
1703,0,1,0.31534433055077293,0.684655669449227
1704,0,1,0.35332185820047685,0.6466781417995231
1705,1,1,0.4175033780751715,0.5824966219248285
1706,0,1,0.32502854305940826,0.6749714569405917
1707,0,1,0.33904117880058465,0.6609588211994153
1708,1,1,0.31176381054061175,0.6882361894593881
1709,1,1,0.20213932637047485,0.7978606736295253
1710,1,1,0.30601504367506005,0.6939849563249398
1711,1,1,0.3528741817055077,0.6471258182944921
1712,0,1,0.2674905080024055,0.7325094919975945
1713,0,1,0.30864582615131575,0.6913541738486844
1714,0,1,0.4058715293640668,0.5941284706359333
1715,0,1,0.37897050669023674,0.6210294933097633
1716,0,1,0.3781060050560145,0.6218939949439855
1717,1,1,0.2873673640166696,0.7126326359833304
1718,1,1,0.3962109258871508,0.6037890741128491
1719,1,1,0.3240888703608234,0.6759111296391765
1720,1,1,0.29660061719951175,0.7033993828004882
1721,1,1,0.2720941141924175,0.7279058858075824
1722,0,1,0.3334447887342941,0.6665552112657058
1723,1,1,0.3928555482502458,0.6071444517497542
1724,1,1,0.30958966022174494,0.6904103397782552
1725,0,1,0.2788804311973743,0.7211195688026255
1726,1,1,0.36074289533645526,0.6392571046635448
1727,0,1,0.3030142324623772,0.6969857675376228
1728,0,1,0.28461828891243746,0.7153817110875627
1729,1,1,0.3163774619945171,0.6836225380054828
1730,1,1,0.35040148514988767,0.6495985148501124
1731,1,1,0.3427628316535441,0.6572371683464558
1732,1,1,0.31650939565339753,0.6834906043466025
1733,0,1,0.37597047011301493,0.624029529886985
1734,1,1,0.3494149537563016,0.6505850462436983
1735,0,1,0.3751612435036303,0.6248387564963697
1736,1,1,0.2866255851745114,0.7133744148254886
1737,1,1,0.34590690611467495,0.6540930938853251
1738,1,1,0.44212188801858354,0.5578781119814165
1739,0,1,0.30569887952535535,0.6943011204746447
1740,1,1,0.3070905732404606,0.6929094267595395
1741,0,1,0.3013216464501027,0.6986783535498973
1742,0,1,0.3476689332539511,0.6523310667460488
1743,1,1,0.3122796723819753,0.6877203276180248
1744,1,1,0.37660705866519306,0.6233929413348069
1745,1,1,0.36049500164009124,0.6395049983599086
1746,1,1,0.40035967529240285,0.5996403247075972
1747,0,1,0.3026506160323021,0.6973493839676979
1748,1,1,0.297940148373545,0.7020598516264549
1749,0,1,0.30395486934503957,0.6960451306549604
1750,1,1,0.36726958806158794,0.6327304119384121
1751,1,1,0.2859050081242098,0.7140949918757902
1752,0,1,0.35927007354587154,0.6407299264541284
1753,0,1,0.36211052906268815,0.6378894709373117
1754,0,1,0.3400385719905602,0.6599614280094398
1755,0,1,0.31327958104899656,0.6867204189510034
1756,0,1,0.328566605518607,0.6714333944813929
1757,1,1,0.3525828286551079,0.6474171713448921
1758,0,1,0.3758236535139112,0.6241763464860888
1759,1,1,0.3675581737465173,0.6324418262534827
1760,0,1,0.2740628636911736,0.7259371363088264
1761,0,1,0.32619746927291493,0.6738025307270852
1762,1,1,0.3411070130688544,0.6588929869311456
1763,1,1,0.2716842147828052,0.7283157852171946
1764,1,1,0.35019158071229695,0.6498084192877029
1765,1,1,0.24844716946024356,0.7515528305397564
1766,1,1,0.39900455934753454,0.6009954406524655
1767,0,1,0.32405790260751616,0.6759420973924838
1768,0,1,0.278452524199327,0.721547475800673
1769,0,1,0.3323645891293909,0.6676354108706091
1770,0,1,0.3504204849061709,0.6495795150938292
1771,1,1,0.29127357003005405,0.708726429969946
1772,1,1,0.2933929233039842,0.7066070766960157
1773,1,1,0.3191627472431011,0.6808372527568989
1774,0,1,0.26249633063452443,0.7375036693654756
1775,0,1,0.355703525270904,0.644296474729096
1776,1,1,0.3698638894438714,0.6301361105561287
1777,1,1,0.26943182434319973,0.7305681756568003
1778,0,1,0.30552390119778106,0.6944760988022189
1779,1,1,0.3772507817370936,0.6227492182629064
1780,1,1,0.3834558641361781,0.6165441358638218
1781,1,1,0.26740031252678564,0.7325996874732142
1782,1,1,0.3039081140750797,0.6960918859249202
1783,0,1,0.4091408504904172,0.5908591495095828
1784,1,1,0.27526338285949375,0.7247366171405063
1785,0,1,0.3236017091033599,0.6763982908966402
1786,0,1,0.30776578837929996,0.6922342116207001
1787,1,1,0.379713241143221,0.6202867588567789
1788,0,1,0.43498542331277823,0.5650145766872218
1789,1,1,0.3094390012416211,0.690560998758379
1790,0,1,0.32774074571716033,0.6722592542828397
1791,0,1,0.37742000946712295,0.622579990532877
1792,1,1,0.35910720000337193,0.6408927999966282
1793,0,1,0.3277118509472366,0.6722881490527635
1794,0,1,0.31064908114739564,0.6893509188526044
1795,0,1,0.359387320040703,0.640612679959297
1796,0,1,0.3265359881760066,0.6734640118239934
1797,1,1,0.38432473715177773,0.6156752628482224
1798,0,1,0.3485415185824677,0.6514584814175324
1799,1,1,0.2913200398274873,0.7086799601725128
1800,0,1,0.29648912626012575,0.7035108737398742
1801,1,1,0.35677736988711717,0.6432226301128827
1802,0,1,0.38602055995349754,0.6139794400465024
1803,1,1,0.33714169684593537,0.6628583031540647
1804,1,1,0.4684669225700729,0.5315330774299272
1805,1,1,0.2970900062223657,0.7029099937776343
1806,0,1,0.30170274971478206,0.698297250285218
1807,0,1,0.390108116657196,0.6098918833428039
1808,1,1,0.3139286216890651,0.6860713783109348
1809,0,1,0.4215456687430196,0.5784543312569804
1810,0,1,0.3723120053215449,0.627687994678455
1811,1,1,0.2693564126234653,0.7306435873765347
1812,1,1,0.334791376590985,0.6652086234090151
1813,0,1,0.3546693780157593,0.6453306219842406
1814,0,1,0.26634714497117606,0.7336528550288239
1815,0,1,0.3217689316381302,0.6782310683618697
1816,1,1,0.3388816094258731,0.6611183905741269
1817,1,1,0.29939739862761094,0.7006026013723891
1818,1,1,0.3049747230555547,0.6950252769444453
1819,0,1,0.3132315805831682,0.6867684194168319
1820,1,1,0.2633642663492534,0.7366357336507465
1821,0,1,0.3157393555068291,0.6842606444931709
1822,0,1,0.34484082270846256,0.6551591772915375
1823,0,1,0.33066204403713906,0.6693379559628609
1824,1,1,0.30928832207196794,0.6907116779280321
1825,1,1,0.3524669590464268,0.6475330409535733
1826,1,1,0.34532528382028893,0.6546747161797111
1827,0,1,0.3186129406925374,0.6813870593074626
1828,1,1,0.29905133183428134,0.7009486681657187
1829,1,1,0.31501595481471933,0.6849840451852806
1830,0,1,0.35881875450616135,0.6411812454938386
1831,1,1,0.3822291977533899,0.6177708022466102
1832,1,1,0.3012816742452022,0.6987183257547978
1833,0,1,0.3604376437922316,0.6395623562077684
1834,1,1,0.343393730571078,0.6566062694289221
1835,1,1,0.35018976372197597,0.649810236278024
1836,1,1,0.33768665756509425,0.6623133424349058
1837,1,1,0.329051809603828,0.6709481903961718
1838,0,1,0.33581342085647525,0.6641865791435249
1839,0,1,0.30671684390603415,0.6932831560939658
1840,0,1,0.3822990670878696,0.6177009329121304
1841,1,1,0.3432546178291129,0.6567453821708871
1842,0,1,0.31778884584899014,0.6822111541510099
1843,1,1,0.3476709836515371,0.652329016348463
1844,0,1,0.343629026862525,0.656370973137475
1845,1,1,0.3453849872818451,0.6546150127181549
1846,0,1,0.3345100899249092,0.6654899100750908
1847,0,1,0.2845793936530594,0.7154206063469406
1848,1,1,0.3592586073531467,0.6407413926468533
1849,1,1,0.3006689480028756,0.6993310519971243
1850,0,1,0.3637922154769477,0.6362077845230523
1851,0,1,0.40088641008411074,0.5991135899158894
1852,1,1,0.29262547604157635,0.7073745239584237
1853,0,1,0.33793268725766246,0.6620673127423375
1854,1,1,0.3130695610463431,0.686930438953657
1855,1,1,0.23052658861674524,0.7694734113832549
1856,1,1,0.2740095392154073,0.7259904607845926
1857,0,1,0.32488196585641255,0.6751180341435874
1858,0,1,0.37116826032938993,0.62883173967061
1859,0,1,0.3965594616179021,0.6034405383820979
1860,0,1,0.33338625358024276,0.6666137464197572
1861,0,1,0.3194716796520605,0.6805283203479395
1862,0,1,0.3297769454881913,0.6702230545118089
1863,0,1,0.39487511752389437,0.6051248824761056
1864,0,1,0.3620292045653894,0.6379707954346105
1865,0,1,0.3413918672966896,0.6586081327033104
1866,1,1,0.3139919941540012,0.6860080058459987
1867,1,1,0.3260203858819361,0.673979614118064
1868,1,1,0.36331030384489543,0.6366896961551045
1869,0,1,0.3801342493263818,0.6198657506736182
1870,0,1,0.3182032678005052,0.6817967321994949
1871,0,1,0.328241581283296,0.671758418716704
1872,0,1,0.3427519635974514,0.6572480364025485
1873,0,1,0.29454399954826727,0.7054560004517327
1874,0,1,0.31982481002848,0.68017518997152
1875,0,1,0.3211194089575096,0.6788805910424904
1876,0,1,0.2716549988791792,0.7283450011208208
1877,1,1,0.3308099277644698,0.6691900722355302
1878,0,1,0.304928807617528,0.6950711923824721
1879,0,1,0.3065223929262721,0.693477607073728
1880,0,1,0.3952748482485645,0.6047251517514354
1881,0,1,0.2994923729540415,0.7005076270459585
1882,0,1,0.36646972242780956,0.6335302775721905
1883,1,1,0.3837837852784524,0.6162162147215476
1884,0,1,0.35666314828453144,0.6433368517154685
1885,1,1,0.35931936761113226,0.6406806323888677
1886,1,1,0.3917432141852403,0.6082567858147597
1887,0,1,0.29645317318903486,0.703546826810965
1888,1,1,0.3270184488801824,0.6729815511198176
1889,0,1,0.3381561280204512,0.6618438719795487
1890,0,1,0.36984192701969876,0.6301580729803014
1891,0,1,0.3056638521940181,0.6943361478059817
1892,0,1,0.2890904896889547,0.7109095103110454
1893,0,1,0.24286947558786076,0.7571305244121391
1894,0,1,0.34725042861598987,0.6527495713840101
1895,1,1,0.31761388669959195,0.6823861133004081
1896,1,1,0.3405973015303788,0.6594026984696211
1897,1,1,0.33466356597968855,0.6653364340203114
1898,0,1,0.3821445446025193,0.6178554553974808
1899,1,1,0.32582304099591436,0.6741769590040856
1900,1,1,0.32993655598450367,0.6700634440154962
1901,1,1,0.3085586062272875,0.6914413937727125
1902,1,1,0.36821259707033904,0.6317874029296608
1903,0,1,0.34508062335478834,0.6549193766452117
1904,0,1,0.3614521209086019,0.6385478790913981
1905,1,1,0.2384657812439981,0.7615342187560019
1906,0,1,0.3552954258569534,0.6447045741430467
1907,0,1,0.3111875132446705,0.6888124867553295
1908,0,1,0.36072469848291167,0.6392753015170884
1909,0,1,0.3020672058273072,0.6979327941726927
1910,0,1,0.29186964408442556,0.7081303559155744
1911,1,1,0.3301980812225322,0.6698019187774678
1912,0,1,0.28304364595282555,0.7169563540471744
1913,1,1,0.3169044221857121,0.683095577814288
1914,1,1,0.3273961179815142,0.6726038820184859
1915,1,1,0.31664896078100185,0.6833510392189981
1916,1,1,0.2683238175251381,0.7316761824748619
1917,1,1,0.3786849585791763,0.6213150414208237
1918,0,1,0.24966356389002392,0.7503364361099761
1919,0,1,0.3274752337175662,0.6725247662824339
1920,1,1,0.36389720697269734,0.6361027930273027
1921,1,1,0.3354682947583013,0.6645317052416987
1922,1,1,0.2544540198274227,0.7455459801725772
1923,1,1,0.32218826725895267,0.6778117327410472
1924,1,1,0.2783703218535984,0.7216296781464017
1925,1,1,0.33091117143921916,0.6690888285607808
1926,1,1,0.27271344257397195,0.727286557426028
1927,1,1,0.35016282852677055,0.6498371714732295
1928,0,1,0.37496506942040825,0.6250349305795917
1929,1,1,0.28339094339782744,0.7166090566021726
1930,1,1,0.225551518458652,0.7744484815413479
1931,0,1,0.3513025504683054,0.6486974495316947
1932,0,1,0.35630715510140903,0.643692844898591
1933,1,1,0.3579661407590273,0.6420338592409728
1934,1,1,0.25390603095869063,0.7460939690413094
1935,0,1,0.26625812185829284,0.7337418781417071
1936,1,1,0.2847405502130953,0.7152594497869047
1937,0,1,0.29786395840406027,0.7021360415959397
1938,0,1,0.45010815981173846,0.5498918401882616
1939,1,1,0.3748979166453172,0.6251020833546828
1940,0,1,0.330644907659425,0.669355092340575
1941,0,1,0.33570820414575214,0.6642917958542479
1942,0,1,0.3245946313846556,0.6754053686153444
1943,0,1,0.4071525295327308,0.592847470467269
1944,0,1,0.3364691862329493,0.6635308137670508
1945,0,1,0.3422395371862547,0.6577604628137452
1946,1,1,0.40683324018727335,0.5931667598127267
1947,0,1,0.3682280079913356,0.6317719920086644
1948,1,1,0.3127451919175508,0.6872548080824492
1949,0,1,0.3009981950172462,0.6990018049827538
1950,1,1,0.35807137948138024,0.6419286205186199
1951,1,1,0.3114446261206809,0.6885553738793192
1952,1,1,0.3169323748928638,0.6830676251071363
1953,1,1,0.30325195023769475,0.6967480497623053
1954,0,1,0.3662970439551284,0.6337029560448716
1955,1,1,0.355186843667805,0.644813156332195
1956,0,1,0.3184535176766139,0.6815464823233861
1957,1,1,0.30727205391941304,0.692727946080587
1958,0,1,0.41996516192132116,0.5800348380786787
1959,1,1,0.29922222056846637,0.7007777794315337
1960,0,1,0.2622418179781308,0.7377581820218693
1961,0,1,0.32335330858575767,0.6766466914142423
1962,0,1,0.3358785543289347,0.6641214456710653
1963,0,1,0.3750758228912929,0.6249241771087073
1964,1,1,0.29827805187418,0.7017219481258199
1965,0,1,0.3100517632258983,0.6899482367741017
1966,0,1,0.3130377141860991,0.6869622858139008
1967,0,1,0.35961711193275964,0.6403828880672404
1968,0,1,0.3351815480941487,0.6648184519058513
1969,1,1,0.3319699694682283,0.6680300305317716
1970,1,1,0.35364757711590594,0.6463524228840942
1971,0,1,0.3430921990224132,0.6569078009775867
1972,1,1,0.3042832355037879,0.695716764496212
1973,0,1,0.24283621945708353,0.7571637805429166
1974,1,1,0.2876142262862484,0.7123857737137517
1975,1,1,0.3659873014061376,0.6340126985938624
1976,1,1,0.31841677825239084,0.6815832217476092
1977,1,1,0.303751771282901,0.696248228717099
1978,1,1,0.2798377342270509,0.7201622657729492
1979,0,1,0.3400035747111328,0.6599964252888673
1980,1,1,0.3006260439020938,0.6993739560979063
1981,0,1,0.4221533879217523,0.5778466120782477
1982,1,1,0.31010380770954754,0.6898961922904523
1983,0,1,0.24905313387568462,0.7509468661243153
1984,0,1,0.2742741295982835,0.7257258704017164
1985,0,1,0.25283833156586993,0.74716166843413
1986,1,1,0.34243657131281907,0.657563428687181
1987,1,1,0.36467784425611394,0.635322155743886
1988,1,1,0.39704469799742037,0.6029553020025797
1989,1,1,0.30470314508666646,0.6952968549133334
1990,1,1,0.27799725109743834,0.7220027489025617
1991,1,1,0.30640238363029687,0.6935976163697031
1992,1,1,0.3664701370177922,0.6335298629822077
1993,0,1,0.37598778339011063,0.6240122166098894
1994,0,1,0.28816350388426637,0.7118364961157335
1995,1,1,0.31148685190972825,0.6885131480902718
1996,1,1,0.28292674260679584,0.7170732573932042
1997,1,1,0.2869047956190379,0.713095204380962
1998,1,1,0.36617455637533286,0.6338254436246671
1999,1,1,0.3694990338008231,0.630500966199177
2000,0,1,0.39554816716345675,0.6044518328365431
2001,1,1,0.3754357791208767,0.6245642208791232
2002,1,1,0.32177199943879975,0.6782280005612003
2003,0,1,0.33112583874319595,0.668874161256804
2004,1,1,0.3809802126388119,0.6190197873611881
2005,1,1,0.35152718752651396,0.648472812473486
2006,0,1,0.288527626657149,0.7114723733428511
2007,0,1,0.34371287027538255,0.6562871297246173
2008,1,1,0.3141224679825816,0.6858775320174184
2009,0,1,0.3185681792954692,0.6814318207045309
2010,0,1,0.4210442089997521,0.5789557910002479
2011,0,1,0.2801814214456127,0.7198185785543874
2012,0,1,0.32640301691701035,0.6735969830829898
2013,0,1,0.2706981750201569,0.7293018249798431
2014,0,1,0.25175916998543796,0.748240830014562
2015,0,1,0.3660413583573422,0.6339586416426578
2016,0,1,0.3184279467219173,0.6815720532780827
2017,0,1,0.32294165311209766,0.6770583468879022
2018,0,1,0.3854944113069348,0.6145055886930653
2019,1,1,0.3885584935140914,0.6114415064859087
2020,0,1,0.37609681763994496,0.623903182360055
2021,1,1,0.24115014347384708,0.7588498565261528
2022,0,1,0.3219890106873082,0.6780109893126918
2023,0,1,0.3415834379951106,0.6584165620048894
2024,1,1,0.32870101407659374,0.6712989859234063
2025,1,1,0.29292183401845967,0.7070781659815404
2026,0,1,0.31519506981450335,0.6848049301854966
2027,0,1,0.35896135525610945,0.6410386447438905
2028,0,1,0.3759665922480587,0.6240334077519414
2029,1,1,0.3702024886025048,0.6297975113974952
2030,1,1,0.2635628970849872,0.7364371029150127
2031,1,1,0.38583140543037303,0.6141685945696269
2032,0,1,0.32977631382234496,0.6702236861776549
2033,1,1,0.30445187932399154,0.6955481206760084
2034,0,1,0.28102861809874313,0.7189713819012569
2035,0,1,0.29012552692810795,0.709874473071892
2036,1,1,0.33587685937333406,0.664123140626666
2037,0,1,0.3426509682706827,0.6573490317293174
2038,0,1,0.3894719289145382,0.6105280710854617
2039,1,1,0.3637380191076393,0.6362619808923606
2040,1,1,0.33399031963184306,0.666009680368157
2041,0,1,0.3877516175217562,0.6122483824782439
2042,0,1,0.3350378513540331,0.6649621486459669
2043,0,1,0.236885481328272,0.763114518671728
2044,0,1,0.36093057005641627,0.6390694299435836
2045,1,1,0.34917065886732535,0.6508293411326747
2046,0,1,0.3381463792816836,0.6618536207183163
2047,1,1,0.3261469536001392,0.6738530463998609
2048,1,1,0.32227246764498496,0.677727532355015
2049,1,1,0.29661381865745723,0.7033861813425426
2050,0,1,0.3263776947329899,0.6736223052670101
2051,0,1,0.3890067771385892,0.6109932228614108
2052,0,1,0.31168414232322095,0.6883158576767789
2053,0,1,0.2891718332646272,0.7108281667353729
2054,1,1,0.38701865879471736,0.6129813412052827
2055,0,1,0.24807243436295903,0.751927565637041
2056,0,1,0.3198088859983941,0.680191114001606
2057,1,1,0.30697277997610783,0.693027220023892
2058,1,1,0.35877192735776975,0.6412280726422301
2059,0,1,0.3354165897110127,0.6645834102889874
2060,0,1,0.3250046463315161,0.6749953536684838
2061,0,1,0.41155435581526434,0.5884456441847358
2062,1,1,0.30920120945616425,0.6907987905438358
2063,0,1,0.263150968803156,0.736849031196844
2064,1,1,0.2933101508317253,0.7066898491682747
2065,1,1,0.2794718762028593,0.7205281237971408
2066,0,1,0.34392609373615785,0.6560739062638421
2067,1,1,0.38846301185082566,0.6115369881491743
2068,1,1,0.34363648068918884,0.656363519310811
2069,1,1,0.3942259644103143,0.6057740355896856
2070,1,1,0.38969502260047995,0.6103049773995199
2071,0,1,0.27009897077155004,0.72990102922845
2072,0,1,0.3027962999441428,0.6972037000558571
2073,0,1,0.3275781627827377,0.6724218372172622
2074,0,1,0.28458150501637025,0.7154184949836296
2075,0,1,0.3034481233373236,0.6965518766626764
2076,0,1,0.2929301114623829,0.707069888537617
2077,1,1,0.36503270230500906,0.6349672976949909
2078,1,1,0.27957749000665666,0.7204225099933433
2079,0,1,0.33702766797406347,0.6629723320259365
2080,0,1,0.3000678254810855,0.6999321745189145
2081,1,1,0.38378043893599073,0.6162195610640093
2082,1,1,0.3181346495691419,0.681865350430858
2083,0,1,0.30120704802172527,0.6987929519782747
2084,1,1,0.35541206115124907,0.6445879388487509
2085,0,1,0.3703091660420977,0.6296908339579023
2086,0,1,0.27092752632481193,0.729072473675188
2087,1,1,0.3194520845239625,0.6805479154760374
2088,0,1,0.32637742984553403,0.673622570154466
2089,1,1,0.2990371936898898,0.7009628063101103
2090,1,1,0.3974981260510062,0.6025018739489938
2091,1,1,0.3910085108537041,0.6089914891462959
2092,0,1,0.3345649249149172,0.6654350750850828
2093,1,1,0.328132202312042,0.6718677976879579
2094,1,1,0.3933468187814933,0.6066531812185068
2095,1,1,0.35892670749140987,0.64107329250859
2096,0,1,0.30829903833025324,0.6917009616697467
2097,1,1,0.347470131562777,0.6525298684372229
2098,1,1,0.3240506031240721,0.675949396875928
2099,0,1,0.350029032197537,0.649970967802463
2100,0,1,0.32122991807804324,0.6787700819219569
2101,1,1,0.2770549771890002,0.7229450228109999
2102,1,1,0.34164678009453836,0.6583532199054616
2103,0,1,0.32920600164168307,0.6707939983583169
2104,0,1,0.30133022615386246,0.6986697738461376
2105,1,1,0.28130596883897785,0.7186940311610222
2106,0,1,0.3191448377980699,0.68085516220193
2107,1,1,0.3213202816480244,0.6786797183519756
2108,1,1,0.3795561410110857,0.6204438589889143
2109,0,1,0.3077688366007775,0.6922311633992226
2110,0,1,0.30286213392182726,0.6971378660781729
2111,0,1,0.399657745024874,0.600342254975126
2112,1,1,0.30947816802716527,0.6905218319728348
2113,0,1,0.338448822306444,0.6615511776935561
2114,0,1,0.34634411116472896,0.653655888835271
2115,1,1,0.37443868728878077,0.6255613127112192
2116,1,1,0.3477678303392369,0.6522321696607631
2117,0,1,0.2848663394285241,0.7151336605714759
2118,0,1,0.3386783322394004,0.6613216677605995
2119,0,1,0.337714945505706,0.662285054494294
2120,0,1,0.30007150045270087,0.6999284995472992
2121,1,1,0.2650445064712977,0.7349554935287024
2122,1,1,0.33824669955543146,0.6617533004445686
2123,1,1,0.2780756742280918,0.7219243257719082
2124,1,1,0.39557090580399623,0.6044290941960039
2125,0,1,0.27108491648231753,0.7289150835176824
2126,1,1,0.2947557968274284,0.7052442031725716
2127,1,1,0.2969244930180165,0.7030755069819834
2128,0,1,0.4350526421505217,0.5649473578494784
2129,0,1,0.2582711079743337,0.7417288920256662
2130,0,1,0.3950482510672818,0.6049517489327181
2131,0,1,0.27199370506393405,0.728006294936066
2132,0,1,0.311390848284674,0.688609151715326
2133,1,1,0.3038772593653965,0.6961227406346034
2134,1,1,0.29720172926456373,0.7027982707354361
2135,0,1,0.3502691607627228,0.6497308392372771
2136,1,1,0.3244825240104835,0.6755174759895164
2137,0,1,0.32736713807060963,0.6726328619293904
2138,1,1,0.35210180976116884,0.6478981902388312
2139,0,1,0.3565384711400922,0.6434615288599079
2140,0,1,0.3504129344866497,0.6495870655133504
2141,1,1,0.3275952823314834,0.6724047176685166
2142,0,1,0.28115207826165484,0.718847921738345
2143,1,1,0.21639508691876483,0.7836049130812353
2144,1,1,0.2789372669872913,0.7210627330127086
2145,0,1,0.3656692245583355,0.6343307754416644
2146,0,1,0.37805136233899056,0.6219486376610095
2147,1,1,0.3222262270965062,0.6777737729034937
2148,0,1,0.3239322414195498,0.6760677585804502
2149,0,1,0.30280040468364966,0.6971995953163505
2150,1,1,0.39990610145891525,0.6000938985410846
2151,1,1,0.31155143335700325,0.6884485666429967
2152,0,1,0.329245299806773,0.670754700193227
2153,0,1,0.29131610970518795,0.708683890294812
2154,1,1,0.3189036698894668,0.6810963301105333
2155,0,1,0.3218650382955672,0.6781349617044328
2156,0,1,0.39638002265011235,0.6036199773498876
2157,0,1,0.326596114743977,0.673403885256023
2158,1,1,0.29749484889456845,0.7025051511054315
2159,0,1,0.3213908788395817,0.6786091211604183
2160,0,1,0.3205555283641861,0.6794444716358139
2161,0,1,0.31874029952078303,0.6812597004792169
2162,0,1,0.288211045335167,0.711788954664833
2163,0,1,0.3550086126947213,0.6449913873052786
2164,0,1,0.3340950842865929,0.6659049157134072
2165,0,1,0.2232116663895482,0.7767883336104519
2166,1,1,0.38440679730526073,0.6155932026947393
2167,0,1,0.3322117412051888,0.6677882587948112
2168,0,1,0.19299987751498832,0.8070001224850116
2169,0,1,0.3437395679434244,0.6562604320565755
2170,1,1,0.36174316267219603,0.6382568373278039
2171,1,1,0.42495177297800557,0.5750482270219943
2172,0,1,0.28455274235332423,0.7154472576466757
2173,1,1,0.3792315653637312,0.6207684346362687
2174,1,1,0.34350159259202045,0.6564984074079796
2175,1,1,0.31369722369178754,0.6863027763082125
2176,1,1,0.30518187219598614,0.694818127804014
2177,1,1,0.35167989578411735,0.6483201042158826
2178,1,1,0.35118557177536464,0.6488144282246353
2179,0,1,0.33828925058042847,0.6617107494195716
2180,0,1,0.24242358647050186,0.7575764135294982
2181,0,1,0.3550375707804871,0.6449624292195129
2182,0,1,0.3620152417261787,0.6379847582738212
2183,0,1,0.3867200631198981,0.6132799368801019
2184,0,1,0.2830255397133552,0.7169744602866448
2185,0,1,0.33700728309242556,0.6629927169075744
2186,1,1,0.3872333067066514,0.6127666932933487
2187,1,1,0.3525971829112597,0.6474028170887403
2188,1,1,0.3505280225783336,0.6494719774216663
2189,1,1,0.33955405901753366,0.6604459409824663
2190,0,1,0.3912298898653083,0.6087701101346916
2191,1,1,0.4003786197519109,0.599621380248089
2192,1,1,0.32466266891146045,0.6753373310885395
2193,0,1,0.3558120460741359,0.6441879539258641
2194,1,1,0.33638946823662863,0.6636105317633714
2195,1,1,0.3012970653552141,0.698702934644786
2196,0,1,0.39875996699128397,0.601240033008716
2197,1,1,0.3280070364034527,0.6719929635965474
2198,1,1,0.284110624482896,0.7158893755171041
2199,0,1,0.35473157585972254,0.6452684241402775
2200,0,1,0.3218167578966849,0.6781832421033152
2201,0,1,0.33306250376099894,0.6669374962390011
2202,1,1,0.2881565791259595,0.7118434208740404
2203,0,1,0.3233145209751897,0.6766854790248102
2204,0,1,0.3358001377747693,0.6641998622252308
2205,0,1,0.332532298500538,0.6674677014994621
2206,1,1,0.4102620845801223,0.5897379154198777
2207,1,1,0.3094319066115762,0.6905680933884237
2208,0,1,0.3374556881076777,0.6625443118923222
2209,1,1,0.26411371922787685,0.7358862807721233
2210,1,1,0.308724689704802,0.691275310295198
2211,1,1,0.3617792068325825,0.6382207931674176
2212,0,1,0.3268965441500925,0.6731034558499075
2213,0,1,0.32111989155093607,0.6788801084490639
2214,0,1,0.26993498800269317,0.7300650119973069
2215,0,1,0.2740967835858118,0.7259032164141881
2216,0,1,0.3569103671389864,0.6430896328610136
2217,0,1,0.2864227441828303,0.7135772558171697
2218,0,1,0.3904055819877343,0.6095944180122657
2219,0,1,0.30910072607012656,0.6908992739298734
2220,1,1,0.35579225910928625,0.6442077408907136
2221,1,1,0.3244543790766261,0.675545620923374
2222,0,1,0.2887411038499793,0.7112588961500206
2223,1,1,0.3152079447741435,0.6847920552258565
2224,1,1,0.3903316984343256,0.6096683015656743
2225,1,1,0.30881493174609176,0.6911850682539081
2226,1,1,0.26337477010677707,0.736625229893223
2227,0,1,0.3526313977707033,0.6473686022292967
2228,1,1,0.3631487481678901,0.63685125183211
2229,1,1,0.3502737108195044,0.6497262891804956
2230,1,1,0.3269093668682607,0.6730906331317393
2231,0,1,0.28301871407324014,0.7169812859267599
2232,1,1,0.3833807057400437,0.6166192942599562
2233,0,1,0.3473984010084383,0.6526015989915617
2234,0,1,0.3342763491368147,0.6657236508631854
2235,0,1,0.22750915525247162,0.7724908447475285
2236,1,1,0.33990574029435094,0.6600942597056492
2237,0,1,0.2884268320130732,0.7115731679869268
2238,0,1,0.2979982206171346,0.7020017793828655
2239,1,1,0.27697117461420867,0.7230288253857914
2240,1,1,0.3314558950745262,0.6685441049254738
2241,0,1,0.3265913162990736,0.6734086837009263
2242,1,1,0.2904864758072291,0.709513524192771
2243,1,1,0.3233439822319523,0.6766560177680478
2244,1,1,0.32463045403360696,0.6753695459663931
2245,0,1,0.2593438882813396,0.7406561117186604
2246,1,1,0.350448543482461,0.6495514565175389
2247,1,1,0.32604618741366587,0.6739538125863342
2248,1,1,0.35285984055163183,0.6471401594483681
2249,1,1,0.408173618122955,0.5918263818770451
2250,0,1,0.3261508512063845,0.6738491487936156
2251,0,1,0.3574462091100835,0.6425537908899165
2252,0,1,0.2898172881245996,0.7101827118754003
2253,1,1,0.3125422343698154,0.6874577656301846
2254,0,1,0.3279472813866708,0.6720527186133293
2255,1,1,0.30238035233086946,0.6976196476691305
2256,1,1,0.2775917429119226,0.7224082570880774
2257,1,1,0.3583681241310695,0.6416318758689306
2258,1,1,0.3163037159934249,0.683696284006575
2259,1,1,0.3597600610911157,0.6402399389088844
2260,0,1,0.37706440020663257,0.6229355997933674
2261,1,1,0.31664439769794794,0.683355602302052
2262,0,1,0.28750035793355116,0.7124996420664487
2263,0,1,0.331312203895856,0.668687796104144
2264,0,1,0.3316095144011884,0.6683904855988116
2265,0,1,0.3534682090177437,0.6465317909822563
2266,1,1,0.3494669428114099,0.6505330571885901
2267,0,1,0.3220309520927843,0.6779690479072157
2268,0,1,0.29418956604515545,0.7058104339548446
2269,1,1,0.3574186785314638,0.6425813214685362
2270,1,1,0.370832782043138,0.6291672179568619
2271,0,1,0.3634661209312494,0.6365338790687505
2272,0,1,0.324126117136013,0.675873882863987
2273,1,1,0.31444716205581635,0.6855528379441835
2274,1,1,0.3536261818450836,0.6463738181549165
2275,0,1,0.25598281485071267,0.7440171851492874
2276,0,1,0.37115408647016845,0.6288459135298314
2277,1,1,0.3185060509871331,0.6814939490128669
2278,1,1,0.32785732292934355,0.6721426770706566
2279,1,1,0.36438889474070035,0.6356111052592996
2280,0,1,0.30984936074344976,0.6901506392565502
2281,0,1,0.4113130205415459,0.5886869794584542
2282,1,1,0.3075690969668432,0.6924309030331567
2283,1,1,0.33168617358527924,0.6683138264147208
2284,0,1,0.39291026832241743,0.6070897316775826
2285,0,1,0.32540707208182834,0.6745929279181716
2286,1,1,0.41500173620381947,0.5849982637961806
2287,1,1,0.36604755875150047,0.6339524412484995
2288,0,1,0.31409843632512185,0.6859015636748782
2289,0,1,0.28568758262204175,0.7143124173779583
2290,0,1,0.35211437045745864,0.6478856295425413
2291,1,1,0.296469681430539,0.7035303185694609
2292,0,1,0.3549077012763874,0.6450922987236127
2293,0,1,0.291771174419746,0.708228825580254
2294,0,1,0.3561133380840649,0.6438866619159351
2295,0,1,0.2990186049729972,0.7009813950270027
2296,0,1,0.28287233389867916,0.7171276661013208
2297,1,1,0.330856197829092,0.669143802170908
2298,1,1,0.3354986239041412,0.6645013760958587
2299,1,1,0.32120208355094754,0.6787979164490525
2300,1,1,0.3377775387811809,0.662222461218819
2301,1,1,0.3500834681159654,0.6499165318840345
2302,0,1,0.3621015031035229,0.6378984968964772
2303,1,1,0.28619124022931036,0.7138087597706897
2304,1,1,0.3805635143186921,0.6194364856813079
2305,1,1,0.3213982565028494,0.6786017434971505
2306,0,1,0.28672154770035896,0.7132784522996412
2307,0,1,0.3259692165118401,0.67403078348816
2308,1,1,0.327852187426298,0.6721478125737019
2309,0,1,0.37547330273341417,0.6245266972665857
2310,0,1,0.2977957342598405,0.7022042657401595
2311,0,1,0.30198218044011416,0.6980178195598858
2312,0,1,0.37487954638953447,0.6251204536104655
2313,0,1,0.31071317684134747,0.6892868231586525
2314,0,1,0.28818064827491874,0.7118193517250813
2315,0,1,0.3648164130857221,0.6351835869142779
2316,1,1,0.29507490891962596,0.7049250910803739
2317,1,1,0.36398633902018335,0.6360136609798166
2318,1,1,0.3542555467784988,0.6457444532215011
2319,1,1,0.31405564242426365,0.6859443575757364
2320,1,1,0.2720012932605353,0.7279987067394649
2321,0,1,0.3469098828554915,0.6530901171445085
2322,1,1,0.32468142269049477,0.6753185773095052
2323,1,1,0.30823325626611103,0.6917667437338889
2324,1,1,0.3242349218117322,0.6757650781882678
2325,0,1,0.37202856128998646,0.6279714387100135
2326,0,1,0.25259277627359744,0.7474072237264024
2327,0,1,0.28979604487503285,0.7102039551249671
2328,1,1,0.25630320037343557,0.7436967996265644
2329,1,1,0.3293356960284959,0.6706643039715041
2330,0,1,0.31575682164895064,0.6842431783510494
2331,1,1,0.35816205961295716,0.6418379403870429
2332,1,1,0.33712183325763834,0.6628781667423616
2333,0,1,0.3452407536389768,0.6547592463610231
2334,0,1,0.3358369577458885,0.6641630422541114
2335,1,1,0.3205719017461301,0.67942809825387
2336,0,1,0.3582039597476351,0.641796040252365
2337,1,1,0.31868174008756794,0.6813182599124321
2338,1,1,0.36750504387792127,0.6324949561220787
2339,0,1,0.3647991876844135,0.6352008123155866
2340,0,1,0.3141971774043126,0.6858028225956874
2341,1,1,0.3119855965911309,0.6880144034088691
2342,1,1,0.3556004540819078,0.6443995459180923
2343,0,1,0.41493485755597254,0.5850651424440274
2344,1,1,0.28345836811229347,0.7165416318877065
2345,0,1,0.3538637684283476,0.6461362315716526
2346,0,1,0.34109022344993617,0.6589097765500639
2347,1,1,0.28010464348812913,0.7198953565118709
2348,0,1,0.3605058788222165,0.6394941211777834
2349,1,1,0.3684847547197149,0.6315152452802851
2350,0,1,0.32937994971665635,0.6706200502833437
2351,0,1,0.43796049544199855,0.5620395045580014
2352,1,1,0.34929850228365217,0.6507014977163479
2353,0,1,0.29170222183916084,0.7082977781608393
2354,1,1,0.3398242909582012,0.6601757090417987
2355,0,1,0.2992669198201515,0.7007330801798486
2356,0,1,0.35274792279965134,0.6472520772003486
2357,1,1,0.3417263803009812,0.6582736196990187
2358,1,1,0.3387784229749761,0.6612215770250238
2359,0,1,0.2889623871327926,0.7110376128672075
2360,1,1,0.3184080656813804,0.6815919343186196
2361,1,1,0.3212196146714059,0.6787803853285941
2362,0,1,0.28328549067696307,0.7167145093230369
2363,1,1,0.30632505228925033,0.6936749477107496
2364,1,1,0.37338959365037894,0.6266104063496211
2365,1,1,0.3672089155179446,0.6327910844820555
2366,1,1,0.33943672334288466,0.6605632766571153
2367,1,1,0.33882022712244636,0.6611797728775536
2368,1,1,0.32491988239545155,0.6750801176045484
2369,1,1,0.38229171285055374,0.6177082871494463
2370,0,1,0.2437668538212659,0.7562331461787342
2371,0,1,0.312539971376132,0.6874600286238681
2372,1,1,0.3598570460057816,0.6401429539942183
2373,0,1,0.2335806767323117,0.7664193232676884
2374,0,1,0.3077870707605037,0.6922129292394963
2375,0,1,0.333193180441956,0.6668068195580439
2376,1,1,0.3044294938006842,0.6955705061993158
2377,1,1,0.3686835169807073,0.6313164830192928
2378,1,1,0.3939516611808557,0.6060483388191444
2379,1,1,0.3533806849679166,0.6466193150320834
2380,0,1,0.35921612245128703,0.6407838775487129
2381,0,1,0.3347871868974163,0.6652128131025836
2382,0,1,0.3075329697458812,0.6924670302541187
2383,0,1,0.331487585309121,0.6685124146908792
2384,1,1,0.27199596986219565,0.7280040301378043
2385,0,1,0.2672243554657666,0.7327756445342335
2386,0,1,0.4086782461264234,0.5913217538735767
2387,0,1,0.37399124915463666,0.6260087508453632
2388,1,1,0.3494038367610952,0.6505961632389048
2389,1,1,0.3379351644324885,0.6620648355675116
2390,1,1,0.29568041113820576,0.7043195888617941
2391,0,1,0.3837198083970218,0.6162801916029781
2392,0,1,0.3284775342237178,0.6715224657762823
2393,0,1,0.2761661957058218,0.7238338042941783
2394,1,1,0.3084123578746152,0.6915876421253848
2395,0,1,0.37155086106550766,0.6284491389344922
2396,1,1,0.33208377368998077,0.6679162263100192
2397,0,1,0.3417661106275516,0.6582338893724484
2398,0,1,0.33069843917466485,0.669301560825335
2399,0,1,0.32115058083131975,0.6788494191686802
2400,1,1,0.31402489466234956,0.6859751053376504
2401,1,1,0.2983561196362725,0.7016438803637275
2402,1,1,0.3820023142457611,0.617997685754239
2403,0,1,0.3779129036426746,0.6220870963573255
2404,0,1,0.36091706087738284,0.6390829391226172
2405,1,1,0.37236284120468877,0.6276371587953113
2406,1,1,0.3452372739087244,0.6547627260912756
2407,0,1,0.2656412970873203,0.7343587029126797
2408,1,1,0.27645913008335443,0.7235408699166455
2409,1,1,0.35466249463750393,0.6453375053624961
2410,0,1,0.3829492486302244,0.6170507513697756
2411,1,1,0.31158561428801007,0.68841438571199
2412,1,1,0.34526352836069474,0.6547364716393052
2413,0,1,0.32683999198356584,0.6731600080164342
2414,0,1,0.27333561992681393,0.726664380073186
2415,0,1,0.3452116293899555,0.6547883706100446
2416,1,1,0.33257482755576734,0.6674251724442328
2417,0,1,0.30327194808534025,0.6967280519146597
2418,1,1,0.3487555835992427,0.6512444164007574
2419,1,1,0.3412697415379236,0.6587302584620763
2420,1,1,0.39093086260134163,0.6090691373986583
2421,1,1,0.3106372849353975,0.6893627150646024
2422,1,1,0.31961544568684036,0.6803845543131597
2423,1,1,0.38319492361812907,0.6168050763818709
2424,0,1,0.32940606046404264,0.6705939395359574
2425,1,1,0.28727542773699916,0.7127245722630009
2426,1,1,0.3322059354301283,0.6677940645698719
2427,1,1,0.3460497404651499,0.6539502595348501
2428,1,1,0.31188985323547236,0.6881101467645276
2429,0,1,0.31117337799135925,0.6888266220086408
2430,0,1,0.3121143292184542,0.6878856707815457
2431,1,1,0.323281964547761,0.6767180354522391
2432,0,1,0.36436283698003696,0.6356371630199631
2433,1,1,0.3038368919382018,0.6961631080617983
2434,0,1,0.3852383570376318,0.6147616429623681
2435,0,1,0.4087231744182178,0.5912768255817822
2436,1,1,0.38291835586625167,0.6170816441337483
2437,1,1,0.27185155896249763,0.7281484410375024
2438,1,1,0.31710452430382524,0.6828954756961747
2439,1,1,0.4020542178003644,0.5979457821996357
2440,1,1,0.4209103267558643,0.5790896732441357
2441,0,1,0.32460844375757947,0.6753915562424204
2442,1,1,0.2887041895710011,0.7112958104289988
2443,0,1,0.4198144750321477,0.5801855249678524
2444,1,1,0.30033117167305284,0.6996688283269472
2445,1,1,0.3989651189995053,0.6010348810004946
2446,0,1,0.39015294890078117,0.6098470510992189
2447,0,1,0.3112830424166082,0.6887169575833917
2448,1,1,0.38762389626997723,0.6123761037300228
2449,0,1,0.30157488374025826,0.6984251162597417
2450,1,1,0.3288852374198025,0.6711147625801974
2451,1,1,0.30557104211730934,0.6944289578826905
2452,0,1,0.36809642053368097,0.631903579466319
2453,1,1,0.3402440015078246,0.6597559984921755
2454,1,1,0.2747962705118263,0.7252037294881737
2455,0,1,0.3994272355274489,0.6005727644725511
2456,0,1,0.3448578648202372,0.6551421351797628
2457,0,1,0.32606073352183573,0.6739392664781643
2458,1,1,0.34458388458361394,0.6554161154163861
2459,1,1,0.3074647438002507,0.6925352561997493
2460,1,1,0.3157941076225533,0.6842058923774468
2461,0,1,0.32822698237413456,0.6717730176258654
2462,0,1,0.29954183019603026,0.7004581698039696
2463,0,1,0.34169246946829457,0.6583075305317055
2464,1,1,0.23549092373419392,0.764509076265806
2465,0,1,0.3184851853732892,0.6815148146267108
2466,0,1,0.33122626803631583,0.6687737319636842
2467,0,1,0.4005580407135534,0.5994419592864466
2468,1,1,0.4266825782967924,0.5733174217032075
2469,0,1,0.2020587232673237,0.7979412767326763
2470,1,1,0.30505579660960924,0.6949442033903908
2471,1,1,0.32595049304392243,0.6740495069560777
2472,1,1,0.3188333166292006,0.6811666833707993
2473,1,1,0.32452046728255446,0.6754795327174455
2474,0,1,0.34168779210668704,0.658312207893313
2475,1,1,0.2748362262563118,0.7251637737436882
2476,0,1,0.3261858707901033,0.6738141292098967
2477,1,1,0.31836233199747227,0.6816376680025278
2478,1,1,0.3402608211636921,0.6597391788363078
2479,1,1,0.31355859915517487,0.686441400844825
2480,0,0,0.5236231318240513,0.4763768681759487
2481,0,1,0.3251521302242504,0.6748478697757498
2482,1,1,0.3398258554296311,0.6601741445703688
2483,0,1,0.37328309536202176,0.6267169046379781
2484,1,1,0.3306482417134742,0.6693517582865257
2485,0,1,0.40011644679547326,0.5998835532045268
2486,0,1,0.29512904748409907,0.7048709525159009
2487,0,1,0.3193855565055275,0.6806144434944725
2488,0,1,0.38278242797179535,0.6172175720282047
2489,0,1,0.4140597613901353,0.5859402386098647
2490,0,1,0.32949138246280774,0.6705086175371924
2491,0,1,0.3502085904108748,0.6497914095891253
2492,0,1,0.30583938047595044,0.6941606195240495
2493,0,1,0.3358947797019152,0.6641052202980848
2494,1,1,0.35871430717053404,0.6412856928294661
2495,0,1,0.4069846355727755,0.5930153644272245
2496,0,1,0.3306064580658313,0.6693935419341687
2497,0,1,0.33008112212751417,0.6699188778724857
2498,0,1,0.37001985570533513,0.6299801442946649
2499,1,1,0.368957786892245,0.6310422131077549
2500,0,1,0.3520779888302862,0.6479220111697139
2501,0,1,0.33251731895476483,0.6674826810452352
2502,0,1,0.30808594150391544,0.6919140584960846
2503,1,1,0.30297483807997416,0.6970251619200258
2504,0,1,0.38442039756126994,0.61557960243873
2505,1,1,0.34328396606717215,0.656716033932828
2506,1,1,0.3985244186068961,0.601475581393104
2507,1,1,0.43618771561823877,0.5638122843817612
2508,1,1,0.3517333725043727,0.6482666274956272
2509,1,1,0.3515114033838159,0.6484885966161842
2510,0,1,0.3250631205675071,0.6749368794324929
2511,1,1,0.3738403532853207,0.6261596467146793
2512,1,1,0.29763860555400556,0.7023613944459943
2513,1,1,0.3316081195620635,0.6683918804379365
2514,0,1,0.2854836147631779,0.7145163852368221
2515,0,1,0.33790821916657315,0.6620917808334268
2516,0,1,0.2855240993033956,0.7144759006966044
2517,0,1,0.3224287616005861,0.6775712383994139
2518,0,1,0.3263611648898177,0.6736388351101823
2519,1,1,0.3281429946814661,0.671857005318534
2520,1,1,0.32560690351587507,0.6743930964841249
2521,1,1,0.34409865750791524,0.6559013424920848
2522,0,1,0.2799045854009256,0.7200954145990743
2523,1,1,0.3426697955118202,0.6573302044881797
2524,1,1,0.3324345319060984,0.6675654680939016
2525,0,1,0.3101929342222649,0.689807065777735
2526,0,1,0.2762622249667861,0.7237377750332138
2527,0,1,0.37163807229623175,0.6283619277037682
2528,0,1,0.3955141933499967,0.6044858066500033
2529,0,1,0.380651976417378,0.6193480235826221
2530,0,1,0.3283273857778646,0.6716726142221354
2531,0,1,0.30966134205243684,0.6903386579475632
2532,0,1,0.256376149151509,0.743623850848491
2533,0,1,0.338286562531775,0.661713437468225
2534,0,1,0.3307803550312741,0.6692196449687259
2535,0,1,0.3437771218810785,0.6562228781189215
2536,1,1,0.3577650870053082,0.6422349129946918
2537,0,1,0.3474580592982819,0.6525419407017181
2538,1,1,0.40042300873238185,0.5995769912676183
2539,0,1,0.3455111638098565,0.6544888361901435
2540,1,1,0.2940461175281435,0.7059538824718564
2541,1,1,0.29853955982012087,0.7014604401798791
2542,0,1,0.36259401765205695,0.637405982347943
2543,1,1,0.3965402267175347,0.6034597732824654
2544,0,1,0.24503674618289867,0.7549632538171014
2545,1,1,0.3813230862555998,0.6186769137444001
2546,0,1,0.37255776976426264,0.6274422302357373
2547,0,1,0.22447369589951535,0.7755263041004847
2548,1,1,0.3179979863871059,0.6820020136128941
2549,0,1,0.37402036417309853,0.6259796358269014
2550,0,1,0.32674219615576067,0.6732578038442393
2551,1,1,0.2845535120216554,0.7154464879783446
2552,1,1,0.4355122102236682,0.5644877897763318
2553,1,1,0.39399245095069396,0.6060075490493061
2554,0,1,0.4003190584415239,0.5996809415584761
2555,1,1,0.31935257037809933,0.6806474296219005
2556,1,1,0.35052408711545124,0.6494759128845489
2557,0,1,0.32981313923105693,0.6701868607689431
2558,1,1,0.29253746963177535,0.7074625303682247
2559,1,1,0.33515209424855813,0.6648479057514418
2560,1,1,0.3489686083749077,0.6510313916250923
2561,0,1,0.33265597726734875,0.6673440227326513
2562,1,1,0.3326375534207761,0.6673624465792238
2563,1,1,0.37836564327123445,0.6216343567287657
2564,0,1,0.32272159792795296,0.677278402072047
2565,0,1,0.3542369848041419,0.645763015195858
2566,0,1,0.3609371841138437,0.6390628158861562
2567,1,1,0.3458735579895694,0.6541264420104305
2568,0,1,0.2688620428230007,0.7311379571769994
2569,1,1,0.33031590099165586,0.6696840990083441
2570,1,1,0.36002318777351533,0.6399768122264846
2571,0,1,0.2899084598788102,0.7100915401211898
2572,1,1,0.30509623526989577,0.6949037647301042
2573,1,1,0.4009641728716843,0.5990358271283156
2574,1,1,0.34487045364736274,0.6551295463526372
2575,0,1,0.3450391514731433,0.6549608485268568
2576,0,1,0.24571823753662667,0.7542817624633734
2577,0,1,0.2743446163962176,0.7256553836037822
2578,0,1,0.3047692966755515,0.6952307033244485
2579,0,1,0.2784751173481701,0.7215248826518299
2580,1,1,0.4715866549095183,0.5284133450904818
2581,1,1,0.32750137908608806,0.6724986209139118
2582,1,1,0.2980011705621319,0.7019988294378682
2583,1,1,0.2858350898397596,0.7141649101602404
2584,0,1,0.35925553190387133,0.6407444680961286
2585,1,1,0.32003245937370906,0.6799675406262908
2586,1,1,0.304522921478883,0.6954770785211171
2587,0,1,0.4085995046827832,0.5914004953172167
2588,1,1,0.4109528718314543,0.5890471281685457
2589,1,1,0.44962785700642743,0.5503721429935726
2590,0,1,0.24414299364535588,0.7558570063546441
2591,1,1,0.36255368154587836,0.6374463184541217
2592,1,1,0.25608572133383617,0.7439142786661639
2593,1,1,0.38316889898833245,0.6168311010116674
2594,1,1,0.3746998204857027,0.6253001795142974
2595,1,1,0.37213965541025185,0.6278603445897482
2596,0,1,0.3418507413596827,0.6581492586403173
2597,1,1,0.27637634659321353,0.7236236534067864
2598,0,1,0.3197993356405024,0.6802006643594977
2599,1,1,0.3249609670575693,0.6750390329424307
2600,0,1,0.32564929584467883,0.6743507041553211
2601,1,1,0.28645716260877047,0.7135428373912295
2602,0,1,0.33420179930537997,0.66579820069462
2603,0,1,0.3354763094992385,0.6645236905007614
2604,1,1,0.29664884542966125,0.7033511545703388
2605,1,1,0.3805719742696709,0.6194280257303293
2606,1,1,0.26053672621218,0.7394632737878201
2607,1,1,0.2909683095280905,0.7090316904719095
2608,0,1,0.32793231518769644,0.6720676848123035
2609,0,1,0.3413059660475535,0.6586940339524466
2610,1,1,0.3074378985502396,0.6925621014497604
2611,0,1,0.2935389408632355,0.7064610591367646
2612,0,1,0.3371432473346014,0.6628567526653987
2613,0,1,0.3323963424347267,0.6676036575652733
2614,1,1,0.3307351144272061,0.6692648855727938
2615,1,1,0.30459674316020063,0.6954032568397992
2616,0,1,0.42373558335818295,0.5762644166418169
2617,0,1,0.35341876804366273,0.6465812319563371
2618,1,1,0.3053029011779025,0.6946970988220975
2619,0,1,0.3767092205555229,0.6232907794444771
2620,0,1,0.3607415015350425,0.6392584984649576
2621,0,1,0.2705327128676386,0.7294672871323613
2622,1,1,0.3886320448466186,0.6113679551533813
2623,1,1,0.30798561813054515,0.6920143818694549
2624,1,1,0.33204140386508807,0.6679585961349119
2625,1,1,0.3208248095811813,0.6791751904188186
2626,1,1,0.36789840158223847,0.6321015984177616
2627,0,1,0.32497600497427936,0.6750239950257206
2628,0,1,0.3535069615455937,0.6464930384544063
2629,0,1,0.26078646337756534,0.7392135366224346
2630,0,1,0.2974131474598803,0.7025868525401197
2631,1,1,0.3537735468672724,0.6462264531327275
2632,0,1,0.33196589477209415,0.6680341052279059
2633,0,1,0.23867688369757642,0.7613231163024236
2634,1,1,0.2697327638529146,0.7302672361470854
2635,1,1,0.41667191456774466,0.5833280854322553
2636,1,1,0.37716769588536164,0.6228323041146383
2637,0,1,0.30013326531774825,0.6998667346822518
2638,1,1,0.38085762587790195,0.6191423741220978
2639,0,1,0.36791049278274723,0.6320895072172528
2640,0,1,0.33984363334258993,0.6601563666574102
2641,1,1,0.3453049129968767,0.6546950870031233
2642,0,1,0.30143675167580836,0.6985632483241917
2643,0,1,0.3462472349911134,0.6537527650088866
2644,1,1,0.3560745000319336,0.6439254999680664
2645,1,1,0.3248772539260189,0.675122746073981
2646,0,1,0.36923604361003626,0.6307639563899636
2647,1,1,0.26470372954160254,0.7352962704583975
2648,1,1,0.25151770591952083,0.7484822940804792
2649,1,1,0.3699115490660385,0.6300884509339613
2650,0,1,0.28145775025361125,0.7185422497463889
2651,1,1,0.2462979993394825,0.7537020006605175
2652,0,1,0.34069785038663564,0.6593021496133644
2653,1,1,0.31139808560489385,0.6886019143951061
2654,1,1,0.33840024961995885,0.6615997503800412
2655,0,1,0.34056871040695685,0.6594312895930432
2656,1,1,0.44094565420162507,0.559054345798375
2657,0,1,0.31668612510289845,0.6833138748971015
2658,1,1,0.2935199713767122,0.7064800286232878
2659,0,1,0.32043528118826853,0.6795647188117313
2660,0,1,0.32529075535961993,0.6747092446403802
2661,0,1,0.3396668900072351,0.660333109992765
2662,1,1,0.3310394978258902,0.6689605021741099
2663,1,1,0.2693214269486935,0.7306785730513066
2664,0,1,0.3188494187314552,0.6811505812685448
2665,0,1,0.32369544119721144,0.6763045588027885
2666,1,1,0.3040051945286489,0.6959948054713512
2667,1,1,0.2944236339574739,0.705576366042526
2668,0,1,0.3141809655072598,0.6858190344927401
2669,0,1,0.34601955637731435,0.6539804436226857
2670,0,1,0.2751953847110055,0.7248046152889944
2671,1,1,0.34773132119624633,0.6522686788037537
2672,0,1,0.33021895314884087,0.669781046851159
2673,0,1,0.33971422369530657,0.6602857763046934
2674,1,1,0.3103528025941968,0.6896471974058034
2675,1,1,0.30999539923779057,0.6900046007622094
2676,0,1,0.3734010858491882,0.6265989141508119
2677,1,1,0.3889551922839503,0.6110448077160497
2678,0,1,0.37951548154798886,0.6204845184520111
2679,1,1,0.29157018349082353,0.7084298165091765
2680,1,1,0.3227508471573541,0.6772491528426459
2681,0,1,0.33251597568828717,0.6674840243117128
2682,0,1,0.36926020593443243,0.6307397940655676
2683,1,1,0.37435662136698195,0.625643378633018
2684,0,1,0.23467782873597884,0.7653221712640212
2685,1,1,0.31395285811207757,0.6860471418879224
2686,1,1,0.39925508448155145,0.6007449155184486
2687,1,1,0.3838214414300715,0.6161785585699284
2688,1,1,0.3100418716748892,0.6899581283251108
2689,0,1,0.37368982540077583,0.6263101745992241
2690,1,1,0.2790733947256645,0.7209266052743355
2691,0,1,0.2742114793731054,0.7257885206268946
2692,1,1,0.3345186818449944,0.6654813181550057
2693,0,1,0.3131410760877694,0.6868589239122305
2694,1,1,0.3282824657603365,0.6717175342396635
2695,1,1,0.311268507179821,0.688731492820179
2696,1,1,0.2848853759525316,0.7151146240474684
2697,1,1,0.43322427224661336,0.5667757277533867
2698,1,1,0.3384585329000132,0.6615414670999867
2699,1,1,0.3282111105139973,0.6717888894860027
2700,0,1,0.35614204729821647,0.6438579527017836
2701,1,1,0.3395041745379509,0.6604958254620492
2702,0,1,0.3057881255445591,0.6942118744554409
2703,0,1,0.32319916724070386,0.6768008327592963
2704,0,1,0.30273578256389116,0.6972642174361088
2705,1,1,0.32444116430693526,0.6755588356930647
2706,0,1,0.3835827979828664,0.6164172020171337
2707,1,1,0.35737264790354256,0.6426273520964575
2708,1,1,0.2401114888665792,0.7598885111334208
2709,1,1,0.33495936531316955,0.6650406346868305
2710,0,1,0.3038134477264532,0.6961865522735468
2711,1,1,0.4994575517856771,0.5005424482143229
2712,1,1,0.35398252533626684,0.6460174746637332
2713,1,1,0.37889087580625064,0.6211091241937494
2714,1,1,0.33834757023545403,0.6616524297645459
2715,1,1,0.33182276055170246,0.6681772394482975
2716,1,1,0.2640444969859287,0.7359555030140712
2717,0,1,0.3371960622638471,0.662803937736153
2718,1,1,0.3184037772342715,0.6815962227657285
2719,0,1,0.36123860122957824,0.6387613987704217
2720,1,1,0.37480146109046925,0.6251985389095307
2721,0,1,0.34869314129189627,0.6513068587081037
2722,1,1,0.32975002777328616,0.6702499722267139
2723,0,1,0.33758562275152076,0.6624143772484792
2724,0,1,0.42565670442573855,0.5743432955742613
2725,0,1,0.3265068178249295,0.6734931821750705
2726,1,1,0.329309783321996,0.6706902166780039
2727,1,1,0.42242834389735484,0.5775716561026453
2728,0,1,0.33447847445738754,0.6655215255426126
2729,1,1,0.2851696862880671,0.714830313711933
2730,0,1,0.3275355360794107,0.6724644639205892
2731,1,1,0.3154082062950007,0.6845917937049992
2732,1,1,0.33196828493600355,0.6680317150639965
2733,1,1,0.327999757441149,0.6720002425588509
2734,1,1,0.3696164120614144,0.6303835879385855
2735,0,1,0.30306427023297505,0.6969357297670249
2736,1,1,0.3277034815009191,0.6722965184990808
2737,0,1,0.30607830500094757,0.6939216949990523
2738,1,1,0.34618196109409083,0.6538180389059092
2739,1,1,0.3197701760964154,0.6802298239035847
2740,1,1,0.29824582745346634,0.7017541725465337
2741,1,1,0.2786269002270718,0.7213730997729282
2742,0,1,0.33666032498387005,0.66333967501613
2743,1,1,0.31566590408723777,0.6843340959127622
2744,0,1,0.37593066812303694,0.624069331876963
2745,0,1,0.3959341298307272,0.6040658701692727
2746,1,1,0.2596690443222084,0.7403309556777917
2747,0,1,0.3181001375771256,0.6818998624228745
2748,1,1,0.3239826841090076,0.6760173158909925
2749,0,1,0.310194193332931,0.6898058066670689
2750,0,1,0.2601511475502379,0.7398488524497621
2751,0,1,0.322278995153746,0.6777210048462541
2752,0,1,0.3127065351302876,0.6872934648697123
2753,0,1,0.3595767266016407,0.6404232733983594
2754,0,1,0.27572305225776433,0.7242769477422355
2755,1,1,0.38528865188373135,0.6147113481162687
2756,0,1,0.27761531565005804,0.7223846843499417
2757,1,1,0.3064011265827434,0.6935988734172565
2758,1,1,0.34303554182767804,0.656964458172322
2759,1,1,0.3680634683427731,0.6319365316572269
2760,1,1,0.27118749858901625,0.7288125014109839
2761,0,1,0.35785478405331644,0.6421452159466836
2762,1,1,0.3502043078169891,0.6497956921830108
2763,0,1,0.26847095527953296,0.731529044720467
2764,0,1,0.31329055953645346,0.6867094404635465
2765,0,1,0.35719557505327465,0.6428044249467253
2766,0,1,0.34630418727911266,0.6536958127208873
2767,0,1,0.2959120216813808,0.7040879783186194
2768,0,1,0.26537107803696414,0.734628921963036
2769,1,1,0.41165517412985225,0.5883448258701478
2770,0,1,0.4261753791553619,0.5738246208446383
2771,0,1,0.3711448835074575,0.6288551164925426
2772,0,1,0.34603451012442277,0.6539654898755773
2773,1,1,0.28752944594212787,0.7124705540578722
2774,0,1,0.40487413962797836,0.5951258603720216
2775,0,1,0.33716970479414987,0.6628302952058501
2776,0,1,0.2950103630911003,0.7049896369088998
2777,0,1,0.23610499562253584,0.763895004377464
2778,0,1,0.3432299665507214,0.6567700334492785
2779,1,1,0.3506849235761543,0.6493150764238458
2780,1,1,0.330816867928999,0.669183132071001
2781,0,1,0.29724320175515667,0.7027567982448433
2782,1,1,0.2692212940535834,0.7307787059464165
2783,1,1,0.3529473435328416,0.6470526564671585
2784,1,1,0.3493097277197585,0.6506902722802416
2785,0,1,0.39207352886466573,0.6079264711353343
2786,0,1,0.3555965990236167,0.6444034009763835
2787,1,1,0.2798882084082966,0.7201117915917035
2788,0,1,0.3711768770724195,0.6288231229275805
2789,0,1,0.34519378189728683,0.6548062181027132
2790,1,1,0.29529050376511934,0.7047094962348806
2791,1,1,0.2753515063407309,0.7246484936592692
2792,1,1,0.30019279740281635,0.6998072025971835
2793,1,1,0.3567111045819332,0.6432888954180667
2794,1,1,0.425083140863886,0.5749168591361139
2795,1,1,0.3562775558340607,0.6437224441659393
2796,0,1,0.3702890776564778,0.6297109223435222
2797,0,1,0.32690652941243786,0.6730934705875621
2798,1,1,0.35020862305418876,0.6497913769458112
2799,1,1,0.37340136407443075,0.6265986359255692
2800,1,1,0.30856693042039035,0.6914330695796096
2801,1,1,0.3005584628935329,0.6994415371064672
2802,0,1,0.30265282549503636,0.6973471745049636
2803,1,1,0.36371532210451585,0.6362846778954842
2804,0,1,0.3684943977181235,0.6315056022818765
2805,1,1,0.373535215268468,0.6264647847315319
2806,0,1,0.2805522199149485,0.7194477800850514
2807,0,1,0.36409056086210045,0.6359094391378997
2808,1,1,0.2505503497218275,0.7494496502781725
2809,1,1,0.3041653230049224,0.6958346769950776
2810,0,1,0.4212916160996338,0.5787083839003662
2811,1,1,0.33768774831865905,0.662312251681341
2812,0,1,0.29766690062279155,0.7023330993772084
2813,1,1,0.2858277404191956,0.7141722595808043
2814,1,1,0.34961413527886187,0.6503858647211381
2815,1,1,0.3758358352860706,0.6241641647139294
2816,1,1,0.3681436493336858,0.6318563506663143
2817,0,1,0.3057258131358652,0.6942741868641347
2818,0,1,0.3242214906358758,0.6757785093641242
2819,1,1,0.3514365835773748,0.6485634164226253
2820,0,1,0.3352794962912742,0.6647205037087258
2821,1,1,0.2917480968062547,0.7082519031937453
2822,0,1,0.39363292465603544,0.6063670753439645
2823,0,1,0.2014713127322498,0.7985286872677502
2824,0,1,0.26991930907182143,0.7300806909281785
2825,0,1,0.3082352482903015,0.6917647517096985
2826,0,1,0.3562301138287763,0.6437698861712238
2827,1,1,0.267830262635408,0.7321697373645921
2828,1,1,0.38959034237023676,0.6104096576297632
2829,0,1,0.36083178784839176,0.6391682121516082
2830,1,1,0.3495073853221738,0.6504926146778262
2831,1,1,0.3567144414644498,0.6432855585355504
2832,0,1,0.33464864027648844,0.6653513597235114
2833,1,1,0.4623649824496337,0.5376350175503664
2834,1,1,0.333672897612143,0.666327102387857
2835,1,1,0.3281802080432051,0.6718197919567949
2836,0,1,0.34099263529070417,0.6590073647092958
2837,0,1,0.3329695501448778,0.6670304498551223
2838,0,1,0.3135849187515228,0.6864150812484773
2839,0,1,0.3842092428383166,0.6157907571616835
2840,0,1,0.3412021357309851,0.6587978642690149
2841,0,1,0.3306627612646051,0.669337238735395
2842,1,1,0.39804255637142494,0.6019574436285751
2843,0,1,0.31859721760717036,0.6814027823928297
2844,0,1,0.3666534098261508,0.6333465901738491
2845,1,1,0.27729383078133124,0.7227061692186687
2846,1,1,0.3160101797493443,0.6839898202506557
2847,0,1,0.3219896100716356,0.6780103899283645
2848,0,1,0.32687091482568,0.6731290851743199
2849,1,1,0.34984263079685357,0.6501573692031465
2850,1,1,0.38396156666071624,0.6160384333392838
2851,1,1,0.30562282068814456,0.6943771793118555
2852,0,1,0.35055592748888353,0.6494440725111166
2853,1,1,0.3659260397919423,0.6340739602080576
2854,1,1,0.42198481537624694,0.578015184623753
2855,1,1,0.3238352043529523,0.6761647956470478
2856,0,1,0.3114454260634548,0.6885545739365451
2857,0,1,0.40374625360881367,0.5962537463911863
2858,1,1,0.34534944667857487,0.6546505533214251
2859,1,1,0.2942571585725604,0.7057428414274396
2860,1,1,0.35571016516908877,0.6442898348309112
2861,0,1,0.35255183067844276,0.6474481693215572
2862,1,1,0.2875653704832607,0.7124346295167393
2863,1,1,0.3719893735304774,0.6280106264695225
2864,1,1,0.32909808429591053,0.6709019157040895
2865,0,1,0.33625954666899555,0.6637404533310045
2866,1,1,0.354317189065486,0.6456828109345141
2867,1,1,0.3497673105630003,0.6502326894369996
2868,1,1,0.3538468325307737,0.6461531674692262
2869,1,1,0.2997360712331991,0.7002639287668009
2870,1,1,0.3158893938897611,0.684110606110239
2871,1,1,0.38082270232043136,0.6191772976795686
2872,0,1,0.3510761714656592,0.6489238285343408
2873,1,1,0.34672431881511984,0.6532756811848802
2874,0,1,0.2884118970431837,0.7115881029568163
2875,1,1,0.3502296786853195,0.6497703213146804
2876,0,1,0.3256068481916154,0.6743931518083845
2877,1,1,0.2697572765088443,0.7302427234911557
2878,0,1,0.4223354358607363,0.5776645641392637
2879,1,1,0.32815891505887007,0.6718410849411299
2880,0,1,0.37379638322221365,0.6262036167777862
2881,0,1,0.3299396462406817,0.6700603537593183
2882,1,1,0.3332870200217513,0.6667129799782487
2883,1,1,0.28227995208842516,0.7177200479115748
2884,1,1,0.3089536248579706,0.6910463751420294
2885,0,1,0.31450852963534537,0.6854914703646546
2886,0,1,0.3681108111857421,0.6318891888142578
2887,1,1,0.2618036407606859,0.738196359239314
2888,0,1,0.2550971108231966,0.7449028891768036
2889,1,1,0.3155683412992983,0.6844316587007018
2890,0,1,0.2756230198083513,0.7243769801916488
2891,1,1,0.29990315128437306,0.7000968487156269
2892,0,1,0.32428947963442156,0.6757105203655784
2893,1,1,0.31328873892122205,0.6867112610787779
2894,0,1,0.2711919314262186,0.7288080685737814
2895,1,1,0.270234761012707,0.7297652389872931
2896,1,1,0.3323289744504262,0.6676710255495738
2897,1,1,0.30591732981695446,0.6940826701830456
2898,1,1,0.39253374079176534,0.6074662592082346
2899,1,1,0.3858255270398955,0.6141744729601046
2900,0,1,0.3908429167732435,0.6091570832267564
2901,1,1,0.38514550785315177,0.6148544921468483
2902,0,1,0.37765839429817954,0.6223416057018203
2903,1,1,0.3192839897312361,0.6807160102687639
2904,0,1,0.4034366763331516,0.5965633236668484
2905,1,1,0.36546419565941635,0.6345358043405835
2906,0,1,0.36421188006800365,0.6357881199319964
2907,1,1,0.3263395645182614,0.6736604354817387
2908,0,1,0.4410005338544142,0.5589994661455857
2909,0,1,0.28324019692980085,0.7167598030701992
2910,1,1,0.3871719132974012,0.6128280867025988
2911,1,1,0.41651900278118464,0.5834809972188153
2912,0,1,0.3711629968702674,0.6288370031297326
2913,0,1,0.39292508244110164,0.6070749175588983
2914,1,1,0.3272079372655793,0.6727920627344207
2915,1,1,0.24965370573002355,0.7503462942699765
2916,1,1,0.2764969803203622,0.7235030196796378
2917,1,1,0.3419583115634556,0.6580416884365445
2918,0,1,0.30730800736661706,0.692691992633383
2919,0,1,0.26585110898539727,0.7341488910146027
2920,0,1,0.33061018170617595,0.669389818293824
2921,0,1,0.3357854159382726,0.6642145840617275
2922,1,1,0.3290957153523555,0.6709042846476446
2923,0,1,0.2788189370894041,0.7211810629105959
2924,1,1,0.31548224869819885,0.6845177513018013
2925,0,1,0.31342724479097206,0.6865727552090279
2926,0,1,0.3037782969807318,0.6962217030192683
2927,1,1,0.3138029820203538,0.6861970179796463
2928,1,1,0.359403498142495,0.6405965018575049
2929,0,1,0.32259002561990385,0.6774099743800961
2930,0,1,0.3198802448379817,0.6801197551620183
2931,0,1,0.264703204365706,0.735296795634294
2932,0,1,0.3251399358899681,0.674860064110032
2933,0,1,0.29768182249911584,0.702318177500884
2934,0,1,0.26086431844455926,0.7391356815554408
2935,1,1,0.31991615298278714,0.6800838470172128
2936,1,1,0.37147178834371475,0.6285282116562854
2937,1,1,0.3157892216276308,0.6842107783723692
2938,0,1,0.3433748066175581,0.6566251933824419
2939,1,1,0.34872797029746067,0.6512720297025395
2940,0,1,0.461261039300093,0.538738960699907
2941,0,1,0.38959333573665655,0.6104066642633434
2942,0,1,0.33392325271623474,0.6660767472837652
2943,0,1,0.32322831212417313,0.6767716878758268
2944,0,1,0.34692831557904485,0.6530716844209552
2945,0,1,0.29784433905688007,0.70215566094312
2946,1,1,0.38057416256350207,0.6194258374364978
2947,0,1,0.3198707098313466,0.6801292901686534
2948,1,1,0.2695189981884609,0.7304810018115391
2949,0,1,0.2781032185809067,0.7218967814190933
2950,1,1,0.39677905156272325,0.6032209484372768
2951,0,1,0.3712445468114031,0.6287554531885968
2952,1,1,0.35938264359618344,0.6406173564038165
2953,0,1,0.34911186162188584,0.6508881383781142
2954,0,1,0.2817408951443254,0.7182591048556746
2955,0,1,0.36678631933481604,0.633213680665184
2956,1,1,0.3200001148053915,0.6799998851946085
2957,0,1,0.37488028231055615,0.6251197176894439
2958,0,1,0.34613043425290024,0.6538695657470999
2959,1,1,0.3112669030564334,0.6887330969435665
2960,1,1,0.32401341503826836,0.6759865849617316
2961,0,1,0.2995887388903902,0.7004112611096098
2962,1,1,0.31994458759824795,0.6800554124017522
2963,1,1,0.31933484682885055,0.6806651531711495
2964,1,1,0.265875072031878,0.7341249279681219
2965,1,1,0.29793794067100443,0.7020620593289955
2966,1,1,0.33766815106000475,0.6623318489399954
2967,0,1,0.27684857738894064,0.7231514226110594
2968,1,1,0.3045925197447869,0.6954074802552132
2969,1,1,0.30715297242213024,0.6928470275778698
2970,0,1,0.37287046556043285,0.6271295344395671
2971,1,1,0.3747854059105523,0.6252145940894476
2972,0,1,0.34365786157394934,0.6563421384260507
2973,0,1,0.3664595369911268,0.6335404630088732
2974,0,1,0.4308354837971561,0.5691645162028438
2975,0,1,0.36071917205602594,0.6392808279439741
2976,0,1,0.31763087942186685,0.6823691205781331
2977,0,1,0.3051816972511672,0.6948183027488328
2978,0,1,0.3577769695957839,0.642223030404216
2979,0,1,0.31299650424207537,0.6870034957579246
2980,1,1,0.36868410614889435,0.6313158938511056
2981,0,1,0.32189854363427617,0.6781014563657239
2982,1,1,0.4099940743314345,0.5900059256685657
2983,0,1,0.30946958130666163,0.6905304186933385
2984,1,1,0.2873736417123694,0.7126263582876307
2985,1,1,0.39259816953849125,0.6074018304615088
2986,0,1,0.40889053863561386,0.5911094613643861
2987,1,1,0.3265498587562338,0.6734501412437663
2988,0,1,0.3016591490822883,0.6983408509177116
2989,1,1,0.3020209235588725,0.6979790764411274
2990,1,1,0.390943353865016,0.6090566461349841
2991,1,1,0.34502025868216474,0.6549797413178353
2992,1,1,0.2691476466658225,0.7308523533341774
2993,1,1,0.3325011049198924,0.6674988950801077
2994,1,1,0.2603619803300469,0.7396380196699532
2995,0,1,0.3327308472020342,0.6672691527979657
2996,0,1,0.2602180857308967,0.7397819142691033
2997,0,1,0.4205925007703811,0.579407499229619
2998,0,1,0.3755203507361052,0.6244796492638948
2999,0,1,0.3295270068349745,0.6704729931650255
3000,1,1,0.3194924269268964,0.6805075730731038
3001,0,1,0.3226322008340275,0.6773677991659723
3002,0,1,0.29855441303363417,0.7014455869663658
3003,1,1,0.311651867620704,0.688348132379296
3004,0,1,0.2769578500858604,0.7230421499141395
3005,1,1,0.3110389213512207,0.6889610786487794
3006,1,1,0.36268653336435625,0.6373134666356438
3007,1,1,0.33903725944770285,0.6609627405522972
3008,1,1,0.3489684635561839,0.6510315364438162
3009,1,1,0.2965502912268906,0.7034497087731095
3010,1,1,0.2844072502870674,0.7155927497129326
3011,1,1,0.30628155886555014,0.6937184411344499
3012,0,1,0.3598129407185527,0.6401870592814474
3013,1,1,0.26941578905073016,0.73058421094927
3014,0,1,0.30174937790071665,0.6982506220992832
3015,1,1,0.289024514402909,0.7109754855970909
3016,0,1,0.3581250442407214,0.6418749557592784
3017,0,1,0.33464035242911494,0.6653596475708851
3018,1,1,0.37196623501348736,0.6280337649865126
3019,0,1,0.3726767026523784,0.6273232973476217
3020,1,1,0.3907558849771906,0.6092441150228094
3021,1,1,0.35305415735236756,0.6469458426476324
3022,1,1,0.32365911073928416,0.6763408892607159
3023,0,1,0.35756385279506764,0.6424361472049324
3024,1,1,0.3266504010279058,0.6733495989720941
3025,0,1,0.3878878178678742,0.6121121821321257
3026,0,1,0.33138904058122826,0.6686109594187719
3027,1,1,0.32691733517658306,0.6730826648234169
3028,0,1,0.3381494050906041,0.6618505949093958
3029,0,1,0.27641604127848696,0.7235839587215132
3030,0,1,0.3721738083131816,0.6278261916868184
3031,0,1,0.31828245344069145,0.6817175465593086
3032,0,1,0.3615568751545146,0.6384431248454854
3033,1,1,0.33739453407158587,0.6626054659284142
3034,0,1,0.3840482868173178,0.6159517131826822
3035,1,1,0.341014498343432,0.658985501656568
3036,0,1,0.31296667306542864,0.6870333269345714
3037,0,1,0.29135344051895395,0.7086465594810459
3038,1,1,0.37173833070080176,0.6282616692991981
3039,1,1,0.37600694878833885,0.6239930512116612
3040,0,1,0.340686958835048,0.659313041164952
3041,0,1,0.35650686614953747,0.6434931338504626
3042,0,1,0.31376419860597404,0.686235801394026
3043,0,1,0.3514309886799839,0.648569011320016
3044,1,1,0.32484228796455566,0.6751577120354443
3045,1,1,0.2677956424678629,0.7322043575321371
3046,1,1,0.37870956428662,0.6212904357133799
3047,1,1,0.3953591271592322,0.6046408728407678
3048,1,1,0.3427148746630826,0.6572851253369174
3049,0,1,0.3109256588827624,0.6890743411172378
3050,1,1,0.3458422696029151,0.6541577303970849
3051,0,1,0.30602706171219995,0.6939729382878002
3052,1,1,0.23167590737991345,0.7683240926200865
3053,0,1,0.3598743476403339,0.6401256523596661
3054,1,1,0.34093910797679633,0.6590608920232037
3055,0,1,0.2811411271834141,0.7188588728165858
3056,0,1,0.35999338102965317,0.6400066189703468
3057,1,1,0.370609072379146,0.629390927620854
3058,0,1,0.29713977517030266,0.7028602248296973
3059,1,1,0.3589481078379422,0.6410518921620578
3060,0,1,0.30185964925275466,0.6981403507472452
3061,1,1,0.38188642185271815,0.6181135781472817
3062,1,1,0.3209453364489602,0.6790546635510397
3063,0,1,0.34598285370108706,0.6540171462989129
3064,0,1,0.27520521051719804,0.724794789482802
3065,0,1,0.32255258007439863,0.6774474199256013
3066,0,1,0.23254211486115567,0.7674578851388443
3067,0,1,0.32930977005344264,0.6706902299465574
3068,0,1,0.36486258075951045,0.6351374192404895
3069,1,1,0.3060932426246633,0.6939067573753368
3070,0,1,0.3474877023146777,0.6525122976853224
3071,0,1,0.29179172101212747,0.7082082789878725
3072,1,1,0.43400436240709106,0.5659956375929088
3073,1,1,0.32610601280204704,0.673893987197953
3074,1,1,0.38178174705646345,0.6182182529435365
3075,0,1,0.32633549258648753,0.6736645074135124
3076,1,1,0.2745020435066165,0.7254979564933836
3077,0,1,0.325386690720495,0.674613309279505
3078,1,1,0.3183006055207626,0.6816993944792373
3079,0,1,0.34595258256410927,0.6540474174358908
3080,0,1,0.3359400539607213,0.6640599460392788
3081,1,1,0.37787884809118555,0.6221211519088145
3082,0,1,0.27276065741126004,0.72723934258874
3083,1,1,0.3056985459995845,0.6943014540004154
3084,1,1,0.30778834913428615,0.6922116508657139
3085,1,1,0.3634403900649596,0.6365596099350403
3086,1,1,0.33809412201840067,0.6619058779815993
3087,0,1,0.3017867126715372,0.6982132873284627
3088,0,1,0.39220066218120503,0.6077993378187949
3089,0,1,0.357588536239101,0.6424114637608991
3090,0,1,0.3315699280761969,0.6684300719238032
3091,0,1,0.32268526240815004,0.67731473759185
3092,0,1,0.3113194190256431,0.6886805809743568
3093,0,1,0.38516686342621664,0.6148331365737834
3094,1,1,0.3631463003941252,0.6368536996058748
3095,0,1,0.36917349881017447,0.6308265011898255
3096,1,1,0.28986959119832917,0.7101304088016709
3097,0,1,0.3190306832578079,0.6809693167421922
3098,0,1,0.3218178753337579,0.6781821246662422
3099,0,1,0.38319477218865516,0.616805227811345
3100,0,1,0.3669899247873902,0.63301007521261
3101,0,1,0.23011147297372755,0.7698885270262725
3102,0,1,0.32247820380924874,0.6775217961907514
3103,1,1,0.3116714392640193,0.6883285607359806
3104,0,1,0.29079136875442396,0.7092086312455759
3105,0,1,0.39177872675919834,0.6082212732408016
3106,1,1,0.3525791012679315,0.6474208987320683
3107,1,1,0.2967471802995007,0.7032528197004992
3108,1,1,0.3254595221016153,0.6745404778983848
3109,0,1,0.3587795844207672,0.6412204155792328
3110,0,1,0.33712734702967934,0.6628726529703206
3111,0,1,0.43179782080613477,0.5682021791938654
3112,1,1,0.3527733065321915,0.6472266934678084
3113,0,1,0.4045327641527467,0.5954672358472534
3114,0,1,0.35323230851613296,0.6467676914838669
3115,1,1,0.3577545502633784,0.6422454497366217
3116,1,1,0.331108024259107,0.668891975740893
3117,0,1,0.29500242759571893,0.7049975724042811
3118,0,1,0.26189695525341233,0.7381030447465876
3119,0,1,0.32438738404105605,0.675612615958944
3120,1,1,0.2889904289007707,0.7110095710992292
3121,0,1,0.301680884393791,0.6983191156062091
3122,0,1,0.30199509269964747,0.6980049073003525
3123,0,1,0.352378959643673,0.6476210403563272
3124,0,1,0.3428715788752272,0.6571284211247728
3125,1,1,0.33496132612780394,0.6650386738721961
3126,0,1,0.40654826772827174,0.5934517322717283
3127,1,1,0.27831447496165446,0.7216855250383456
3128,0,1,0.3092293672700381,0.690770632729962
3129,0,1,0.38995934715992925,0.6100406528400708
3130,1,1,0.3472384189535565,0.6527615810464433
3131,0,1,0.31393714073606527,0.6860628592639346
3132,0,1,0.29735050741153135,0.7026494925884686
3133,0,1,0.37981331776274946,0.6201866822372505
3134,1,1,0.27540497658774765,0.7245950234122523
3135,0,1,0.32994720039015074,0.6700527996098493
3136,0,1,0.28251851082031604,0.717481489179684
3137,0,1,0.373285553165422,0.626714446834578
3138,0,1,0.37080211234651045,0.6291978876534895
3139,1,1,0.335825717577646,0.664174282422354
3140,0,1,0.3692284965952024,0.6307715034047976
3141,0,1,0.3276400229889066,0.6723599770110933
3142,1,1,0.29711701688121184,0.7028829831187883
3143,0,1,0.31248428431404934,0.6875157156859506
3144,1,1,0.3348645603126452,0.6651354396873548
3145,1,1,0.3144005436842858,0.6855994563157142
3146,0,1,0.32958113677062956,0.6704188632293705
3147,0,1,0.3974683208812601,0.60253167911874
3148,0,1,0.3508704896433389,0.649129510356661
3149,1,1,0.35360158092695604,0.6463984190730441
3150,0,1,0.37312923994805464,0.6268707600519454
3151,0,1,0.2643449517348713,0.7356550482651285
3152,0,1,0.22257995284989254,0.7774200471501076
3153,1,1,0.29002182185477055,0.7099781781452295
3154,0,1,0.2882853696377127,0.7117146303622873
3155,0,1,0.33723565314765774,0.6627643468523421
3156,1,1,0.33544084897552096,0.664559151024479
3157,0,1,0.3814235760839103,0.6185764239160896
3158,0,1,0.3798529405520493,0.6201470594479506
3159,0,1,0.3984205700086196,0.6015794299913804
3160,1,1,0.36628688531487347,0.6337131146851266
3161,0,1,0.3623101612595726,0.6376898387404273
3162,0,1,0.29727182322900125,0.7027281767709987
3163,1,1,0.35862590156291696,0.6413740984370832
3164,0,1,0.3813981924479142,0.6186018075520858
3165,1,1,0.40349416237207625,0.5965058376279238
3166,0,1,0.32062059008979443,0.6793794099102055
3167,0,1,0.30752333207779403,0.6924766679222061
3168,0,1,0.37450465717156656,0.6254953428284333
3169,1,1,0.33059338108492975,0.6694066189150704
3170,1,1,0.31123017060633223,0.6887698293936678
3171,0,1,0.3816969928265836,0.6183030071734164
3172,1,1,0.31768359984927014,0.6823164001507298
3173,0,1,0.3266957494220333,0.6733042505779667
3174,1,1,0.32689851064704845,0.6731014893529514
3175,1,1,0.3755295153943493,0.6244704846056507
3176,0,1,0.37289684978173715,0.6271031502182629
3177,1,1,0.3198318726952606,0.6801681273047393
3178,1,1,0.29236395439531504,0.707636045604685
3179,0,1,0.330653427924663,0.669346572075337
3180,1,1,0.2826713939070006,0.7173286060929993
3181,0,1,0.3240196945219059,0.6759803054780942
3182,1,1,0.33002724517990545,0.6699727548200944
3183,1,1,0.34990298831781985,0.6500970116821803
3184,0,1,0.3193661334406233,0.6806338665593766
3185,0,1,0.24266374788645007,0.7573362521135499
3186,0,1,0.3484322413739794,0.6515677586260207
3187,0,1,0.3585090015711468,0.6414909984288533
3188,0,1,0.2856417255379982,0.7143582744620017
3189,0,1,0.37155372556937954,0.6284462744306203
3190,0,1,0.34647139616090133,0.6535286038390986
3191,1,1,0.32500780394917483,0.674992196050825
3192,0,1,0.3282191986696847,0.6717808013303153
3193,1,1,0.31662925272866427,0.6833707472713357
3194,1,1,0.3621231530094085,0.6378768469905916
3195,1,1,0.3383953143015725,0.6616046856984275
3196,0,1,0.3838873842763937,0.6161126157236063
3197,0,1,0.4238260283279286,0.5761739716720713
3198,0,1,0.3038698293264661,0.6961301706735339
3199,1,1,0.2711985376863614,0.7288014623136386
3200,1,1,0.3130577790446112,0.6869422209553888
3201,0,1,0.35399550793894546,0.6460044920610546
3202,0,1,0.30865854980991303,0.691341450190087
3203,1,1,0.3336235136320505,0.6663764863679493
3204,1,1,0.2938258097083911,0.7061741902916088
3205,0,1,0.36212363622585,0.63787636377415
3206,1,1,0.27322893376239366,0.7267710662376063
3207,0,1,0.302428496032081,0.6975715039679191
3208,1,1,0.28444311115851023,0.7155568888414898
3209,1,1,0.3476304419605873,0.6523695580394129
3210,1,1,0.3471390178394553,0.6528609821605447
3211,0,1,0.37471741442176265,0.6252825855782373
3212,0,1,0.39718744975290005,0.6028125502470999
3213,1,1,0.3031047184525895,0.6968952815474105
3214,0,1,0.33024685365357953,0.6697531463464204
3215,1,1,0.37858927400900383,0.6214107259909961
3216,1,1,0.268720808901122,0.7312791910988781
3217,0,1,0.31667119934456783,0.6833288006554323
3218,0,1,0.35621303780048896,0.6437869621995111
3219,0,1,0.3451743959714354,0.6548256040285645
3220,0,1,0.30759777333741833,0.6924022266625817
3221,0,1,0.3299677956225981,0.6700322043774019
3222,0,1,0.2694485039252027,0.7305514960747972
3223,1,1,0.3317403457210611,0.6682596542789387
3224,1,1,0.27780167483377305,0.722198325166227
3225,0,1,0.3210009477885644,0.6789990522114355
3226,1,1,0.34649811527749447,0.6535018847225056
3227,0,1,0.27908435277317967,0.7209156472268203
3228,1,1,0.404936006262583,0.5950639937374168
3229,0,1,0.3045254270409346,0.6954745729590655
3230,0,1,0.3491206921491236,0.6508793078508764
3231,1,1,0.444554411790064,0.555445588209936
3232,0,1,0.40611203192122874,0.5938879680787712
3233,0,1,0.3477817980322529,0.6522182019677472
3234,0,1,0.3473525050370452,0.6526474949629548
3235,0,1,0.27592530127781484,0.7240746987221853
3236,0,1,0.3461040011463468,0.6538959988536531
3237,1,1,0.3427327121836907,0.6572672878163093
3238,0,1,0.3991124320661026,0.6008875679338974
3239,1,1,0.3121066301474261,0.687893369852574
3240,0,1,0.32807692145366113,0.6719230785463389
3241,0,1,0.28580410255759514,0.714195897442405
3242,0,1,0.26963669853572864,0.7303633014642712
3243,1,1,0.31040738105678517,0.6895926189432149
3244,1,1,0.34698142862036374,0.6530185713796361
3245,1,1,0.312592145994692,0.6874078540053081
3246,1,1,0.4927746034961603,0.5072253965038396
3247,1,1,0.3308334560969898,0.6691665439030103
3248,0,1,0.3550304588768532,0.6449695411231468
3249,1,1,0.2925033346851342,0.7074966653148658
3250,1,1,0.36583576763284975,0.6341642323671504
3251,1,1,0.35065937983337675,0.6493406201666232
3252,0,1,0.3279446983719306,0.6720553016280695
3253,1,1,0.3760049033043894,0.6239950966956107
3254,1,1,0.36181063938821667,0.6381893606117834
3255,0,1,0.3199966347605488,0.6800033652394513
3256,1,1,0.3708728742278507,0.6291271257721494
3257,0,1,0.3341838297089467,0.6658161702910532
3258,1,1,0.279383288535581,0.7206167114644191
3259,0,1,0.4046043249356434,0.5953956750643565
3260,1,1,0.3198453002275556,0.6801546997724444
3261,1,1,0.3744143796703101,0.6255856203296899
3262,1,1,0.33604704237801264,0.6639529576219874
3263,1,1,0.3365608389341504,0.6634391610658497
3264,0,1,0.3238297470752809,0.676170252924719
3265,1,1,0.29921005521066935,0.7007899447893307
3266,0,1,0.338286562531775,0.661713437468225
3267,1,1,0.28649741248777394,0.7135025875122261
3268,0,1,0.3922050324114316,0.6077949675885684
3269,1,1,0.3360141256770298,0.6639858743229703
3270,0,1,0.3511350217289433,0.6488649782710567
3271,0,1,0.3840120098758386,0.6159879901241614
3272,1,1,0.3371439690991721,0.662856030900828
3273,1,1,0.33451056808712315,0.6654894319128768
3274,0,1,0.3649812132510372,0.6350187867489627
3275,0,1,0.3287496705173814,0.6712503294826186
3276,0,1,0.35346419899612147,0.6465358010038786
3277,0,1,0.2725349947855565,0.7274650052144436
3278,1,1,0.34621500514648285,0.6537849948535172
3279,0,1,0.3090003097675982,0.6909996902324018
3280,1,1,0.3984865464827519,0.6015134535172482
3281,1,1,0.4203389460050123,0.5796610539949876
3282,1,1,0.3107952560584399,0.6892047439415601
3283,1,1,0.29736048332350423,0.7026395166764958
3284,1,1,0.2833661168492631,0.716633883150737
3285,0,1,0.34621052749022235,0.6537894725097777
3286,1,1,0.3684052680702819,0.6315947319297182
3287,1,1,0.4104198859225689,0.589580114077431
3288,1,1,0.3837223662610922,0.6162776337389078
3289,0,1,0.36940020958612235,0.6305997904138776
3290,1,1,0.30659576939173017,0.69340423060827
3291,1,1,0.2920568356864131,0.707943164313587
3292,1,1,0.30781913427306024,0.6921808657269397
3293,0,1,0.45554007009801034,0.5444599299019897
3294,0,1,0.31883511810405346,0.6811648818959466
3295,1,1,0.4070924811784917,0.5929075188215083
3296,1,1,0.26231030117635973,0.7376896988236403
3297,0,1,0.43660142723587364,0.5633985727641264
3298,1,1,0.3087009980660779,0.691299001933922
3299,0,1,0.38376095466893995,0.6162390453310601
3300,0,1,0.3058864672506729,0.6941135327493271
3301,1,1,0.30024639851617996,0.6997536014838199
3302,0,1,0.27789723980136183,0.7221027601986381
3303,0,1,0.3755459847141277,0.6244540152858723
3304,0,1,0.32434106288993014,0.6756589371100699
3305,1,1,0.23851946491511744,0.7614805350848826
3306,1,1,0.2903869495060952,0.7096130504939047
3307,0,1,0.32473403451983945,0.6752659654801605
3308,0,1,0.3265703479502331,0.6734296520497669
3309,0,1,0.4000583167926083,0.5999416832073916
3310,0,1,0.3319060274394944,0.6680939725605055
3311,0,1,0.26016333392717716,0.7398366660728227
3312,0,1,0.2921052299544186,0.7078947700455815
3313,0,1,0.45344584579240965,0.5465541542075902
3314,1,1,0.31784756683485327,0.6821524331651466
3315,1,1,0.3711619637696564,0.6288380362303435
3316,1,1,0.3286749838166189,0.6713250161833811
3317,1,1,0.3260188479938841,0.6739811520061161
3318,1,1,0.30686993180603633,0.6931300681939636
3319,0,1,0.3161387957378803,0.6838612042621198
3320,1,1,0.32486619136666284,0.6751338086333372
3321,1,1,0.33488089364051665,0.6651191063594833
3322,0,1,0.43967739123377286,0.5603226087662272
3323,0,1,0.32650257490685636,0.6734974250931436
3324,1,1,0.32500731092979585,0.6749926890702043
3325,1,1,0.357007514090259,0.642992485909741
3326,1,1,0.30277147178152247,0.6972285282184776
3327,1,1,0.37252750962050774,0.6274724903794924
3328,0,1,0.29333819543969286,0.7066618045603072
3329,1,1,0.33495508739692254,0.6650449126030774
3330,1,1,0.35138788853442804,0.6486121114655721
3331,0,1,0.3065292699056717,0.6934707300943282
3332,0,1,0.3242633916014478,0.6757366083985523
3333,0,1,0.31356284854008937,0.6864371514599106
3334,0,1,0.3696141282406531,0.6303858717593469
3335,1,1,0.36011247474843083,0.6398875252515692
3336,0,1,0.3322127563046857,0.6677872436953144
3337,1,1,0.3764004479277456,0.6235995520722545
3338,1,1,0.3199300074224838,0.6800699925775162
3339,1,1,0.34622918562650656,0.6537708143734934
3340,1,1,0.37644369367033453,0.6235563063296655
3341,0,1,0.28104363501933743,0.7189563649806626
3342,1,1,0.35583135909058583,0.6441686409094142
3343,1,1,0.3185422628658065,0.6814577371341934
3344,1,1,0.32987805882350557,0.6701219411764945
3345,0,1,0.3424081942964365,0.6575918057035635
3346,1,1,0.30108370764400066,0.6989162923559994
3347,1,1,0.3261616728063393,0.6738383271936607
3348,0,1,0.4221951832413739,0.5778048167586262
3349,0,1,0.41481394109249486,0.5851860589075051
3350,0,1,0.2637420899090282,0.7362579100909717
3351,0,1,0.2920571463959689,0.7079428536040311
3352,1,1,0.30647671289707795,0.6935232871029221
3353,1,1,0.3737760858708519,0.626223914129148
3354,1,1,0.3263541926608422,0.6736458073391579
3355,0,1,0.38932883364701926,0.6106711663529808
3356,1,1,0.27378922985431053,0.7262107701456895
3357,0,1,0.42030101073724224,0.5796989892627576
3358,1,1,0.3413321298321184,0.6586678701678816
3359,0,1,0.3002905460526269,0.6997094539473732
3360,0,1,0.3618136474681184,0.6381863525318815
3361,1,1,0.3302515640075475,0.6697484359924526
3362,0,1,0.25037286304916634,0.7496271369508336
3363,0,1,0.24746867282054405,0.7525313271794559
3364,0,1,0.29512725232514314,0.7048727476748569
3365,0,1,0.38797797346205476,0.6120220265379452
3366,0,1,0.2984083615865596,0.7015916384134404
3367,0,1,0.435087441765375,0.564912558234625
3368,0,1,0.3567284212702935,0.6432715787297065
3369,0,1,0.3038018947426982,0.6961981052573019
3370,0,1,0.3144389747591555,0.6855610252408445
3371,0,1,0.27185402671582853,0.7281459732841715
3372,0,1,0.30722769744647316,0.6927723025535268
3373,0,1,0.3803217949538094,0.6196782050461906
3374,1,1,0.28142020984165766,0.7185797901583424
3375,1,1,0.36367047105364586,0.6363295289463541
3376,1,1,0.36400450874527224,0.6359954912547279
3377,0,1,0.32838440108453903,0.671615598915461
3378,1,1,0.2754926242261495,0.7245073757738504
3379,1,1,0.3452341135243536,0.6547658864756465
3380,1,1,0.33615055194212834,0.6638494480578716
3381,1,1,0.3118926716141607,0.6881073283858393
3382,0,1,0.3431768539750447,0.6568231460249553
3383,0,1,0.38492517978140384,0.615074820218596
3384,0,1,0.349796566963967,0.6502034330360331
3385,1,1,0.2300241000197575,0.7699758999802424
3386,1,1,0.3209042602828579,0.6790957397171422
3387,1,1,0.2780442243526671,0.7219557756473329
3388,0,1,0.3181280955573622,0.6818719044426378
3389,1,1,0.3342033907926358,0.6657966092073642
3390,0,1,0.3411215821183906,0.6588784178816095
3391,1,1,0.31930898931085216,0.680691010689148
3392,0,1,0.340525368631454,0.659474631368546
3393,1,1,0.40594994645005,0.59405005354995
3394,1,1,0.335797857522586,0.664202142477414
3395,0,1,0.35057316879408973,0.6494268312059102
3396,1,1,0.3455057986434859,0.6544942013565141
3397,0,1,0.3023920953704344,0.6976079046295657
3398,0,1,0.3387694926582695,0.6612305073417304
3399,1,1,0.34310868787127824,0.6568913121287219
3400,0,1,0.3847736065528165,0.6152263934471834
3401,1,1,0.318377762859809,0.681622237140191
3402,0,1,0.3707481888694722,0.6292518111305277
3403,0,1,0.3706111770701641,0.6293888229298359
3404,0,1,0.3662026238874609,0.6337973761125391
3405,1,1,0.35176290344352784,0.6482370965564723
3406,1,1,0.38933844941276446,0.6106615505872355
3407,1,1,0.3617782083626663,0.6382217916373336
3408,0,1,0.4107789924905487,0.5892210075094513
3409,0,1,0.34600750660668544,0.6539924933933144
3410,1,1,0.3368309272506381,0.6631690727493619
3411,0,1,0.4674063636678795,0.5325936363321205
3412,1,1,0.3388952251900409,0.6611047748099591
3413,0,1,0.32838369495436004,0.67161630504564
3414,0,1,0.33922508616410385,0.660774913835896
3415,1,1,0.34689491697447333,0.6531050830255267
3416,0,1,0.4103213502950284,0.5896786497049715
3417,1,1,0.3842640774520797,0.6157359225479203
3418,0,1,0.32623485343330944,0.6737651465666906
3419,0,1,0.38486695083554084,0.6151330491644591
3420,1,1,0.34219708595200976,0.6578029140479902
3421,1,1,0.3314086300106202,0.6685913699893797
3422,1,1,0.3143619818681336,0.6856380181318664
3423,0,1,0.2658834397025583,0.7341165602974418
3424,1,1,0.3215520864554839,0.6784479135445162
3425,0,1,0.31979654753986403,0.6802034524601359
3426,1,1,0.3374285328235636,0.6625714671764363
3427,0,1,0.30938823502599333,0.6906117649740067
3428,0,1,0.35864741275329154,0.6413525872467083
3429,0,1,0.33690619946251865,0.6630938005374813
3430,0,1,0.3774030572250815,0.6225969427749185
3431,1,1,0.3384646716454587,0.6615353283545413
3432,1,1,0.39955356404297415,0.6004464359570258
3433,1,1,0.31358381031641563,0.6864161896835843
3434,1,1,0.37410495878707606,0.625895041212924
3435,0,1,0.3017321312021958,0.6982678687978042
3436,0,1,0.3600490127862369,0.6399509872137631
3437,1,1,0.3593523536052123,0.6406476463947877
3438,0,1,0.35690619032187865,0.6430938096781214
3439,0,1,0.3210961217111235,0.6789038782888765
3440,1,1,0.35813732767276035,0.6418626723272397
3441,1,1,0.3463730227855544,0.6536269772144457
3442,0,1,0.33594938258418855,0.6640506174158115
3443,0,1,0.3750427240189812,0.6249572759810189
3444,0,1,0.36680146191728874,0.6331985380827113
3445,1,1,0.3137612683278418,0.6862387316721583
3446,0,1,0.3494174655678051,0.6505825344321949
3447,1,1,0.3117097169225647,0.6882902830774353
3448,0,1,0.34101276891628185,0.6589872310837183
3449,0,1,0.3673042294209347,0.6326957705790652
3450,0,1,0.3194762430711427,0.6805237569288574
3451,0,1,0.3701626465601569,0.6298373534398432
3452,0,1,0.39175445132246794,0.608245548677532
3453,1,1,0.36903928769256317,0.6309607123074369
3454,0,1,0.2978746631365014,0.7021253368634985
3455,1,1,0.25459092951513557,0.7454090704848644
3456,0,1,0.3489789419354888,0.6510210580645113
3457,1,1,0.3537609349395201,0.6462390650604799
3458,1,1,0.3084579029520761,0.6915420970479238
3459,1,1,0.36328069503359706,0.636719304966403
3460,1,1,0.3912650095960952,0.6087349904039048
3461,0,1,0.29619133078922444,0.7038086692107756
3462,0,1,0.3714537441357048,0.6285462558642952
3463,1,1,0.3538908208085917,0.6461091791914084
3464,0,1,0.40002651603024564,0.5999734839697544
3465,1,1,0.37412120514478936,0.6258787948552107
3466,0,1,0.31672199428651415,0.683278005713486
3467,0,1,0.3329855533410955,0.6670144466589044
3468,1,1,0.32257393552765334,0.6774260644723467
3469,1,1,0.3053235469672468,0.6946764530327533
3470,0,1,0.37181768172411067,0.6281823182758892
3471,0,1,0.3116140106596101,0.6883859893403899
3472,1,1,0.22934010399842086,0.770659896001579
3473,0,1,0.33897809501162846,0.6610219049883714
3474,0,1,0.311090246928784,0.6889097530712159
3475,1,1,0.2536978765852892,0.7463021234147107
3476,1,1,0.3497192258317337,0.6502807741682661
3477,0,1,0.33599242889689657,0.6640075711031035
3478,1,1,0.29189362922034656,0.7081063707796535
3479,0,1,0.30558472919048446,0.6944152708095157
3480,1,1,0.27345686446279144,0.7265431355372086
3481,0,1,0.3716775332678005,0.6283224667321995
3482,1,1,0.38182929544264604,0.6181707045573539
3483,0,1,0.2877149066311558,0.7122850933688443
3484,0,1,0.42396193506525764,0.5760380649347424
3485,0,1,0.3514410233279097,0.6485589766720903
3486,0,1,0.35846423890779217,0.6415357610922078
3487,0,1,0.25740870810634814,0.7425912918936519
3488,1,1,0.3560915718521724,0.6439084281478276
3489,1,1,0.34428180810149767,0.6557181918985024
3490,0,1,0.33383435043293713,0.6661656495670627
3491,1,1,0.42601291559015825,0.5739870844098418
3492,0,1,0.3586749095847812,0.6413250904152187
3493,1,1,0.31178503889817627,0.6882149611018236
3494,1,1,0.35389259674878504,0.6461074032512149
3495,0,1,0.34932134723666286,0.6506786527633373
3496,0,1,0.31624930091987746,0.6837506990801225
3497,0,1,0.3281577494089056,0.6718422505910944
3498,0,1,0.327529120890607,0.672470879109393
3499,0,1,0.33913371297049455,0.6608662870295055
3500,0,1,0.3689438476985666,0.6310561523014334
3501,0,1,0.2832542397917867,0.7167457602082132
3502,1,1,0.2910400890890476,0.7089599109109525
3503,1,1,0.29723840093583925,0.7027615990641608
3504,0,1,0.3104763986016831,0.689523601398317
3505,0,1,0.32542601911352875,0.6745739808864712
3506,1,1,0.35807873987111777,0.6419212601288823
3507,1,1,0.34577417866653537,0.6542258213334646
3508,0,1,0.3687649650363029,0.6312350349636972
3509,1,1,0.29499805116091843,0.7050019488390816
3510,1,1,0.34786461416884895,0.652135385831151
3511,1,1,0.2891496014898142,0.7108503985101858
3512,0,1,0.2776709161516596,0.7223290838483403
3513,0,1,0.39575708818977934,0.6042429118102207
3514,0,1,0.3347271670452914,0.6652728329547086
3515,1,1,0.3173678162047774,0.6826321837952225
3516,1,1,0.23735405378504992,0.7626459462149501
3517,0,1,0.250050515100029,0.7499494848999709
3518,0,1,0.3149119755659227,0.6850880244340772
3519,1,1,0.25438117310802644,0.7456188268919736
3520,0,1,0.33711100597928,0.66288899402072
3521,0,1,0.29181620037515643,0.7081837996248435
3522,1,1,0.30972976511434575,0.6902702348856542
3523,0,1,0.32596855117263746,0.6740314488273627
3524,1,1,0.2609965903218397,0.7390034096781601
3525,1,1,0.3355342156418423,0.6644657843581576
3526,1,1,0.4422806397067879,0.557719360293212
3527,0,1,0.32417560418644664,0.6758243958135532
3528,0,1,0.2735541672845146,0.7264458327154855
3529,0,1,0.33134151574589416,0.6686584842541059
3530,1,1,0.4820877348310952,0.5179122651689048
3531,0,1,0.33083490774210117,0.6691650922578988
3532,1,1,0.29270561477106,0.7072943852289401
3533,0,1,0.3308966926279554,0.6691033073720446
3534,1,1,0.39214978746360807,0.6078502125363919
3535,0,1,0.2983712809371513,0.7016287190628487
3536,1,1,0.31608877477766933,0.6839112252223306
3537,1,1,0.36047902553170347,0.6395209744682966
3538,1,1,0.27547865760489787,0.7245213423951021
3539,0,1,0.4009461722163119,0.5990538277836881
3540,1,1,0.3444843510955926,0.6555156489044074
3541,1,1,0.4020542178003644,0.5979457821996357
3542,1,1,0.4236351202743645,0.5763648797256355
3543,0,1,0.33815170409873646,0.6618482959012635
3544,1,1,0.32140087575395876,0.6785991242460412
3545,0,1,0.3415540136616513,0.6584459863383486
3546,0,1,0.29645746300920267,0.7035425369907973
3547,0,1,0.34864087937025173,0.6513591206297483
3548,1,1,0.31860194188531393,0.6813980581146861
3549,1,1,0.3840770617694787,0.6159229382305214
3550,1,1,0.3312639302296193,0.6687360697703807
3551,1,1,0.399048553771924,0.6009514462280761
3552,0,1,0.31996971247284767,0.6800302875271522
3553,1,1,0.3327375596128228,0.6672624403871772
3554,0,1,0.3771965762230172,0.6228034237769827
3555,1,1,0.3776941320378826,0.6223058679621174
3556,1,1,0.34739943056848827,0.6526005694315116
3557,0,1,0.3478139361011412,0.6521860638988588
3558,1,1,0.31889478930641946,0.6811052106935807
3559,0,1,0.2826278884417468,0.7173721115582532
3560,0,1,0.2708491506479713,0.7291508493520287
3561,0,1,0.33423289256523947,0.6657671074347606
3562,0,1,0.3113370185524042,0.6886629814475959
3563,0,1,0.3427696446811479,0.6572303553188522
3564,0,1,0.3888400044445618,0.6111599955554382
3565,1,1,0.3373625004810464,0.6626374995189537
3566,0,1,0.34390678899870264,0.6560932110012974
3567,0,1,0.358168121140057,0.6418318788599431
3568,0,1,0.2975378360305555,0.7024621639694446
3569,0,1,0.3077076934597447,0.6922923065402554
3570,0,1,0.3111347092746348,0.6888652907253652
3571,0,1,0.3277451425692864,0.6722548574307136
3572,0,1,0.27645451072222454,0.7235454892777755
3573,0,1,0.278889533650382,0.721110466349618
3574,0,1,0.28873344311227606,0.7112665568877239
3575,1,1,0.3254728669446514,0.6745271330553486
3576,1,1,0.3509000497328302,0.6490999502671697
3577,0,1,0.30075664231665716,0.6992433576833429
3578,1,1,0.31070266542921016,0.6892973345707898
3579,0,1,0.32851215869060374,0.6714878413093963
3580,1,1,0.38452740624554044,0.6154725937544595
3581,0,1,0.3924552304978787,0.6075447695021213
3582,0,1,0.284932084051404,0.715067915948596
3583,1,1,0.3221758108116416,0.6778241891883583
3584,1,1,0.3448885364311672,0.6551114635688329
3585,0,1,0.35621787901186874,0.6437821209881311
3586,0,1,0.3661255548108294,0.6338744451891706
3587,1,1,0.37230971176854577,0.6276902882314541
3588,0,1,0.3619915489761717,0.6380084510238284
3589,0,1,0.33633358516432804,0.6636664148356721
3590,1,1,0.37661950235928215,0.6233804976407178
3591,0,1,0.35967485055281634,0.6403251494471836
3592,0,1,0.3142496460868753,0.6857503539131247
3593,1,1,0.3473996471002779,0.6526003528997221
3594,0,1,0.3581644288541645,0.6418355711458354
3595,1,1,0.42958971786465167,0.5704102821353483
3596,0,1,0.3372232847685136,0.6627767152314864
3597,0,1,0.2556442902252207,0.7443557097747792
3598,1,1,0.2635250195492011,0.7364749804507991
3599,1,1,0.32599188888451514,0.6740081111154848
3600,1,1,0.3130025045566821,0.686997495443318
3601,0,1,0.3316069669909262,0.6683930330090738
3602,0,1,0.30303521586298876,0.6969647841370112
3603,1,1,0.2717855744136297,0.7282144255863703
3604,1,1,0.2908924511756865,0.7091075488243135
3605,0,1,0.32368191049058054,0.6763180895094194
3606,1,1,0.2757358471343404,0.7242641528656595
3607,1,1,0.28894112014065704,0.7110588798593429
3608,1,1,0.32531273883047235,0.6746872611695276
3609,1,1,0.28829230496977115,0.7117076950302288
3610,1,1,0.38696974778820153,0.6130302522117985
3611,0,1,0.37900939773009096,0.6209906022699091
3612,0,1,0.41558127686139523,0.5844187231386047
3613,0,1,0.21867509794129086,0.7813249020587091
3614,1,1,0.2872043569843542,0.7127956430156459
3615,0,1,0.34342568977299465,0.6565743102270054
3616,0,1,0.31976018942736034,0.6802398105726397
3617,1,1,0.2834036945918573,0.7165963054081428
3618,1,1,0.3584133167007941,0.6415866832992059
3619,1,1,0.28574514685629293,0.7142548531437072
3620,1,1,0.3055943775428125,0.6944056224571875
3621,0,1,0.33479309918948497,0.6652069008105151
3622,1,1,0.377624047266765,0.6223759527332351
3623,1,1,0.3370165016338937,0.6629834983661063
3624,1,1,0.2868594623157546,0.7131405376842453
3625,1,1,0.27779129366257765,0.7222087063374225
3626,1,1,0.3434358456659527,0.6565641543340472
3627,0,1,0.4074930409958532,0.5925069590041467
3628,0,1,0.34744650720832976,0.6525534927916703
3629,1,1,0.2978381641078408,0.7021618358921593
3630,0,1,0.3552564664746559,0.6447435335253441
3631,1,1,0.2711871393550801,0.72881286064492
3632,0,1,0.38945034941209644,0.6105496505879036
3633,1,1,0.3458655841506523,0.6541344158493477
3634,0,1,0.2969356867193019,0.703064313280698
3635,1,1,0.3909080173822026,0.6090919826177974
3636,1,1,0.3354223419700386,0.6645776580299614
3637,0,1,0.3697718576009309,0.6302281423990692
3638,1,1,0.3182462954976903,0.6817537045023097
3639,0,1,0.3747142087413027,0.6252857912586973
3640,0,1,0.31450798030040494,0.6854920196995951
3641,0,1,0.3456176506650677,0.6543823493349322
3642,0,1,0.3784089524790074,0.6215910475209926
3643,0,1,0.3118795392559187,0.6881204607440814
3644,1,1,0.30353446285279173,0.6964655371472083
3645,1,1,0.3959889417922944,0.6040110582077056
3646,0,1,0.32586122576901977,0.6741387742309801
3647,1,1,0.35829278154172206,0.6417072184582777
3648,1,1,0.31171739412814486,0.6882826058718552
3649,1,1,0.4021193758593403,0.5978806241406597
3650,1,1,0.34542117668023703,0.6545788233197629
3651,1,1,0.31226747664608706,0.687732523353913
3652,1,1,0.2886858846520104,0.7113141153479896
3653,0,1,0.3633518453703409,0.6366481546296592
3654,0,1,0.2828107958777549,0.7171892041222452
3655,1,1,0.1809254422474362,0.8190745577525638
3656,0,1,0.27737602233247416,0.7226239776675258
3657,0,1,0.30762762764156815,0.692372372358432
3658,1,1,0.3267457098917574,0.6732542901082427
3659,0,1,0.35149617629479757,0.6485038237052025
3660,0,1,0.2921758565073226,0.7078241434926774
3661,0,1,0.30875471352253114,0.691245286477469
3662,0,1,0.3594648343305258,0.6405351656694742
3663,1,1,0.2898063005737801,0.7101936994262199
3664,0,1,0.2756225115020138,0.7243774884979863
3665,0,1,0.37967277866512544,0.6203272213348745
3666,1,1,0.3538165672295959,0.6461834327704041
3667,0,1,0.29642349150164016,0.7035765084983598
3668,1,1,0.3473147212140874,0.6526852787859126
3669,1,1,0.3981455741079216,0.6018544258920785
3670,1,1,0.37153992598385926,0.6284600740161408
3671,0,1,0.2655753917245044,0.7344246082754956
3672,1,1,0.25865032175343955,0.7413496782465604
3673,1,1,0.2818777212415898,0.7181222787584103
3674,1,1,0.26138842259423223,0.7386115774057678
3675,1,1,0.279763673733629,0.7202363262663711
3676,1,1,0.2527686865323232,0.7472313134676768
3677,1,1,0.35630432200204065,0.6436956779979593
3678,0,1,0.3710580529167786,0.6289419470832214
3679,0,1,0.250197393754132,0.749802606245868
3680,0,1,0.28190501754999536,0.7180949824500045
3681,0,1,0.30287758553121896,0.6971224144687811
3682,1,1,0.29101516768251223,0.7089848323174877
3683,0,1,0.30069895952067976,0.6993010404793203
3684,0,1,0.33666075533358203,0.6633392446664179
3685,1,1,0.2622248864060551,0.7377751135939449
3686,1,1,0.30635754553984296,0.6936424544601569
3687,1,1,0.298884869005171,0.7011151309948289
3688,1,1,0.44896392042203315,0.5510360795779669
3689,0,1,0.31186641253494235,0.6881335874650576
3690,0,1,0.3760346032791666,0.6239653967208334
3691,1,1,0.3035932784111549,0.696406721588845
3692,0,1,0.2717899387088586,0.7282100612911413
3693,1,1,0.3173707721143752,0.6826292278856247
3694,1,1,0.3456515107494141,0.6543484892505859
3695,0,1,0.32216221156869645,0.6778377884313036
3696,1,1,0.34632899582462295,0.653671004175377
3697,0,1,0.2645106312077356,0.7354893687922645
3698,0,1,0.4248076550730065,0.5751923449269936
3699,0,1,0.3293302096790252,0.6706697903209748
3700,1,1,0.3416082656374179,0.658391734362582
3701,0,1,0.33975574452350416,0.6602442554764959
3702,1,1,0.2505776739246425,0.7494223260753576
3703,1,1,0.3395299327083541,0.6604700672916459
3704,0,1,0.32392222242739477,0.6760777775726052
3705,0,1,0.37100857765379136,0.6289914223462085
3706,0,1,0.2636604071964342,0.7363395928035659
3707,1,1,0.309031659738867,0.690968340261133
3708,1,1,0.3163601701528092,0.6836398298471908
3709,0,1,0.3860841903346788,0.6139158096653211
3710,1,1,0.31240767978979594,0.6875923202102041
3711,0,1,0.2838363032786439,0.716163696721356
3712,0,1,0.3142747260392412,0.6857252739607589
3713,0,1,0.32379737918009294,0.676202620819907
3714,0,1,0.27823079178843385,0.7217692082115663
3715,1,1,0.24631348482543278,0.7536865151745671
3716,0,1,0.38630022269791847,0.6136997773020816
3717,0,1,0.3380394654382398,0.6619605345617602
3718,1,1,0.39369641178996906,0.6063035882100309
3719,1,1,0.2990456285752083,0.7009543714247918
3720,1,1,0.3424002781667261,0.657599721833274
3721,1,1,0.33183290015693495,0.6681670998430651
3722,0,1,0.2969750717916452,0.7030249282083548
3723,0,1,0.2812139990734606,0.7187860009265394
3724,1,1,0.3554592090845382,0.6445407909154618
3725,1,1,0.34243713594185454,0.6575628640581455
3726,1,1,0.4410951141475815,0.5589048858524185
3727,1,1,0.37463690938827604,0.6253630906117238
3728,1,1,0.3551477725383224,0.6448522274616775
3729,0,1,0.3842491818337975,0.6157508181662025
3730,1,1,0.29434614806916426,0.7056538519308357
3731,1,1,0.2820180128876593,0.7179819871123406
3732,1,1,0.27838712740522803,0.7216128725947719
3733,1,1,0.38580826573573757,0.6141917342642624
3734,0,1,0.3122027955738499,0.6877972044261501
3735,1,1,0.3748270065506456,0.6251729934493544
3736,0,1,0.3910371971742952,0.6089628028257048
3737,1,1,0.33428496735467134,0.6657150326453285
3738,1,1,0.35838075810345466,0.6416192418965454
3739,0,1,0.4144970615034864,0.5855029384965136
3740,0,1,0.3904528393605093,0.6095471606394907
3741,0,1,0.4071600648841043,0.5928399351158957
3742,0,1,0.39820568319492133,0.6017943168050787
3743,0,1,0.37669005998586014,0.6233099400141399
3744,0,1,0.3432034331883908,0.6567965668116091
3745,1,1,0.36692134415869926,0.6330786558413006
3746,1,1,0.3036774641290958,0.6963225358709042
3747,1,1,0.3843669424313546,0.6156330575686453
3748,0,1,0.29406245330424097,0.7059375466957589
3749,1,1,0.36222922776927907,0.6377707722307209
3750,1,1,0.25974720403145557,0.7402527959685444
3751,0,1,0.31758484160408,0.6824151583959199
3752,1,1,0.34137320643802715,0.6586267935619728
3753,1,1,0.3390005215013417,0.6609994784986584
3754,1,1,0.3174443493602077,0.6825556506397923
3755,0,1,0.2985911004762902,0.7014088995237098
3756,0,1,0.3798991838486005,0.6201008161513994
3757,1,1,0.2823731400416487,0.7176268599583513
3758,0,1,0.3993574418710607,0.6006425581289394
3759,1,1,0.3671511594464011,0.632848840553599
3760,0,1,0.30704012506538286,0.6929598749346171
3761,1,1,0.2629657140672282,0.7370342859327719
3762,0,1,0.3071448819488384,0.6928551180511615
3763,1,1,0.3503022738798503,0.6496977261201496
3764,1,1,0.3944079140931051,0.6055920859068948
3765,0,1,0.3869941154036859,0.6130058845963142
3766,1,1,0.3084033585623914,0.6915966414376085
3767,1,1,0.349838068627755,0.650161931372245
3768,0,1,0.32488892870934016,0.6751110712906598
3769,0,1,0.3470643283621179,0.652935671637882
3770,0,1,0.3647314702172486,0.6352685297827514
3771,1,1,0.2951133047747264,0.7048866952252735
3772,0,1,0.3453654086043133,0.6546345913956868
3773,0,1,0.31207660630460193,0.687923393695398
3774,0,1,0.3456207822110477,0.6543792177889522
3775,0,1,0.334477768966217,0.6655222310337829
3776,1,1,0.2841951633769211,0.7158048366230789
3777,1,1,0.3424674512358066,0.6575325487641934
3778,1,1,0.30317556430089637,0.6968244356991037
3779,0,1,0.3209646694805783,0.6790353305194217
3780,1,1,0.37992688457925,0.62007311542075
3781,1,1,0.3968488569063627,0.6031511430936374
3782,1,1,0.32373173572318487,0.6762682642768152
3783,1,1,0.29864403145124724,0.7013559685487529
3784,0,1,0.3788596481803936,0.6211403518196065
3785,1,1,0.371773948018937,0.6282260519810631
3786,0,1,0.323929860683647,0.676070139316353
3787,1,1,0.3506474290410041,0.6493525709589959
3788,1,1,0.3336156271676736,0.6663843728323263
3789,0,1,0.3864258806421479,0.6135741193578521
3790,0,1,0.3392268171848614,0.6607731828151385
3791,1,1,0.3723657867768472,0.6276342132231529
3792,0,1,0.2982251032649456,0.7017748967350543
3793,1,1,0.3582347993613267,0.6417652006386734
3794,1,1,0.3727167559165707,0.6272832440834293
3795,1,1,0.35873549445440867,0.6412645055455914
3796,0,1,0.3649123184829537,0.6350876815170463
3797,1,1,0.3510028095247605,0.6489971904752394
3798,1,1,0.39642661610640767,0.6035733838935925
3799,1,1,0.36175236594229904,0.638247634057701
3800,1,1,0.3705504465901554,0.6294495534098447
3801,1,1,0.312580019735071,0.6874199802649292
3802,1,1,0.33851506336036224,0.6614849366396378
3803,1,1,0.35608043498454367,0.6439195650154563
3804,1,1,0.2665271465979337,0.7334728534020662
3805,0,1,0.32511468295034174,0.6748853170496583
3806,0,1,0.30219303303780365,0.6978069669621962
3807,1,1,0.28376729588938526,0.7162327041106149
3808,1,1,0.41093598649590984,0.5890640135040901
3809,0,1,0.29943057818896696,0.700569421811033
3810,1,1,0.3311484796421415,0.6688515203578584
3811,1,1,0.33943490117358854,0.6605650988264115
3812,0,1,0.2971813076625444,0.7028186923374558
3813,0,1,0.3374685895624773,0.6625314104375226
3814,1,1,0.3275952823314834,0.6724047176685166
3815,0,1,0.3825182677121189,0.6174817322878812
3816,1,1,0.3142839422613906,0.6857160577386094
3817,1,1,0.3357758010463427,0.6642241989536574
3818,1,1,0.3668968300256549,0.633103169974345
3819,1,1,0.31279520244584835,0.6872047975541518
3820,1,1,0.24571368365788818,0.7542863163421119
3821,0,1,0.3026202221849715,0.6973797778150286
3822,1,1,0.33010988530897745,0.6698901146910226
3823,1,1,0.38263572906706017,0.6173642709329399
3824,0,1,0.3566609415725223,0.6433390584274776
3825,1,1,0.3058444059667445,0.6941555940332553
3826,1,1,0.31359056593502377,0.6864094340649762
3827,1,1,0.3710174032294607,0.6289825967705392
3828,0,1,0.32572102288023946,0.6742789771197605
3829,1,1,0.3211620092461483,0.6788379907538517
3830,0,1,0.2618868109915054,0.7381131890084947
3831,0,1,0.3584919222232767,0.6415080777767233
3832,1,1,0.3100696794361364,0.6899303205638636
3833,0,1,0.27073667956056996,0.72926332043943
3834,0,1,0.35397855284832713,0.6460214471516728
3835,1,1,0.38674010977827117,0.6132598902217288
3836,0,1,0.276626628626812,0.723373371373188
3837,0,1,0.3755543362350699,0.62444566376493
3838,0,1,0.3238919394048894,0.6761080605951106
3839,0,1,0.3327493677130935,0.6672506322869065
3840,1,1,0.3724932578487585,0.6275067421512417
3841,1,1,0.2898098852450418,0.7101901147549581
3842,0,1,0.2800234874049048,0.7199765125950952
3843,0,1,0.30355930953840393,0.6964406904615961
3844,1,1,0.3403854239540947,0.6596145760459053
3845,1,1,0.2835052972641222,0.7164947027358777
3846,1,1,0.36054923941227773,0.6394507605877222
3847,1,1,0.3208956272479425,0.6791043727520574
3848,1,1,0.3165848808168096,0.6834151191831903
3849,0,1,0.3005491091434316,0.6994508908565684
3850,1,1,0.3594521177218583,0.6405478822781416
3851,0,1,0.33497757092778113,0.6650224290722189
3852,0,1,0.34938479418070606,0.6506152058192939
3853,0,1,0.32695098003092204,0.673049019969078
3854,0,1,0.3915628065574213,0.6084371934425787
3855,1,1,0.3567480234838557,0.6432519765161444
3856,0,1,0.3051552103578047,0.6948447896421953
3857,0,1,0.3911164701451989,0.6088835298548012
3858,1,1,0.35042271271763153,0.6495772872823684
3859,0,1,0.32974126842683105,0.670258731573169
3860,1,1,0.3982852098861871,0.6017147901138129
3861,1,1,0.26664379111192377,0.7333562088880763
3862,0,1,0.42556972098818874,0.5744302790118112
3863,1,1,0.37257948651848777,0.6274205134815122
3864,0,1,0.39886628401640295,0.6011337159835971
3865,1,1,0.2971668315281101,0.7028331684718899
3866,0,1,0.33002279678558916,0.6699772032144109
3867,1,1,0.3381571379048563,0.6618428620951438
3868,0,1,0.3241685153510077,0.6758314846489921
3869,0,1,0.2729540838881567,0.7270459161118433
3870,0,1,0.4398768223012336,0.5601231776987663
3871,1,1,0.3154275458407049,0.684572454159295
3872,0,1,0.3659343605682794,0.6340656394317208
3873,0,1,0.3260597042892508,0.6739402957107492
3874,1,1,0.364829282439189,0.635170717560811
3875,1,1,0.39267524052425545,0.6073247594757445
3876,0,1,0.27912867508330297,0.7208713249166971
3877,1,1,0.3938744238619695,0.6061255761380304
3878,0,1,0.3501986635331186,0.6498013364668815
3879,1,1,0.3105632149369647,0.6894367850630352
3880,0,1,0.2818036560455349,0.718196343954465
3881,0,1,0.3013675238214226,0.6986324761785774
3882,1,1,0.2986475603882544,0.7013524396117455
3883,0,1,0.3756850892857622,0.6243149107142378
3884,0,1,0.3234303074143115,0.6765696925856886
3885,1,1,0.34423815412124753,0.6557618458787524
3886,0,1,0.3119871677028092,0.6880128322971908
3887,1,1,0.31897808849907977,0.6810219115009202
3888,1,1,0.30879772778869025,0.6912022722113098
3889,1,1,0.36766069949800695,0.632339300501993
3890,1,1,0.26491026049012195,0.7350897395098781
3891,0,1,0.3630895820275965,0.6369104179724034
3892,1,1,0.30888179005830607,0.6911182099416938
3893,0,1,0.26918992339179737,0.7308100766082026
3894,0,1,0.34402086266152976,0.6559791373384702
3895,1,1,0.30732812400708,0.69267187599292
3896,1,1,0.3535669683893288,0.6464330316106712
3897,1,1,0.3526570595792021,0.6473429404207978
3898,0,1,0.33613525040223313,0.663864749597767
3899,0,1,0.30595157927895544,0.6940484207210446
3900,0,1,0.2896172683948283,0.7103827316051715
3901,1,1,0.265349448282686,0.7346505517173139
3902,1,1,0.2670857250216023,0.7329142749783977
3903,0,1,0.2970072142437206,0.7029927857562794
3904,1,1,0.43547996360300256,0.5645200363969975
3905,1,1,0.3354435678596063,0.6645564321403936
3906,1,1,0.3036949513924554,0.6963050486075446
3907,0,1,0.2671302263347416,0.7328697736652583
3908,1,1,0.38346463980349815,0.6165353601965019
3909,1,1,0.3105330355352969,0.689466964464703
3910,0,1,0.3601630851409021,0.639836914859098
3911,0,1,0.3336418228164444,0.6663581771835556
3912,1,1,0.334359368509799,0.6656406314902009
3913,0,1,0.23182607009457248,0.7681739299054277
3914,0,1,0.3348509120947728,0.6651490879052271
3915,0,1,0.35400692745557555,0.6459930725444245
3916,0,1,0.3032117428003728,0.6967882571996271
3917,0,1,0.35882980240735374,0.6411701975926463
3918,0,1,0.3435541701100946,0.6564458298899054
3919,1,1,0.32239544695387623,0.6776045530461239
3920,0,1,0.36868471395842484,0.6313152860415752
3921,1,1,0.2706922200051285,0.7293077799948715
3922,0,1,0.24721628995924852,0.7527837100407515
3923,0,1,0.2530130599525419,0.7469869400474581
3924,1,1,0.35641057091683215,0.6435894290831677
3925,0,1,0.2764688617707575,0.7235311382292424
3926,1,1,0.34309115129820406,0.6569088487017958
3927,1,1,0.2699946738735671,0.7300053261264329
3928,1,1,0.3839601352643854,0.6160398647356147
3929,1,1,0.31008840656684744,0.6899115934331526
3930,0,1,0.24301879015943675,0.7569812098405633
3931,1,1,0.29170600491246024,0.7082939950875398
3932,1,1,0.3298909467047931,0.670109053295207
3933,0,1,0.37939213543238276,0.6206078645676173
3934,0,1,0.30891622206918556,0.6910837779308144
3935,0,1,0.331215185605504,0.6687848143944961
3936,1,1,0.2960516480017424,0.7039483519982577
3937,1,1,0.3484353346183724,0.6515646653816276
3938,0,1,0.2573883042031738,0.7426116957968261
3939,1,1,0.36562016112616125,0.6343798388738389
3940,1,1,0.29972308351929877,0.7002769164807012
3941,1,1,0.39306341341783796,0.6069365865821621
3942,0,1,0.2986830661557928,0.7013169338442071
3943,0,1,0.32014390725783193,0.679856092742168
3944,0,1,0.33002814911542966,0.6699718508845702
3945,0,1,0.36251578587735206,0.6374842141226479
3946,1,1,0.3518845466509997,0.6481154533490002
3947,0,1,0.32791442634742063,0.6720855736525795
3948,1,1,0.3090175402546154,0.6909824597453846
3949,1,1,0.27586084678456135,0.7241391532154386
3950,0,1,0.39658100969283827,0.6034189903071618
3951,1,1,0.24665073461346607,0.7533492653865339
3952,0,1,0.3909807077589735,0.6090192922410265
3953,0,1,0.35729095210404715,0.6427090478959527
3954,1,1,0.36107609367033233,0.6389239063296677
3955,0,1,0.2912240409121384,0.7087759590878616
3956,1,1,0.31597579348843396,0.684024206511566
3957,1,1,0.3725367757743447,0.6274632242256553
3958,0,1,0.3266678025878779,0.673332197412122
3959,1,1,0.3465230198418309,0.6534769801581691
3960,1,1,0.28645882712923865,0.7135411728707612
3961,0,1,0.3542196920581142,0.6457803079418857
3962,1,1,0.39349702399260017,0.6065029760073999
3963,1,1,0.3480216624165875,0.6519783375834126
3964,0,1,0.32793266510533303,0.6720673348946669
3965,1,1,0.23812031905775516,0.7618796809422449
3966,0,1,0.30367035573853923,0.6963296442614608
3967,1,1,0.41035925867563755,0.5896407413243625
3968,0,1,0.3438953805391775,0.6561046194608224
3969,0,1,0.33921171132254424,0.6607882886774558
3970,0,1,0.303276251117419,0.6967237488825812
3971,0,1,0.3528059906880597,0.6471940093119404
3972,0,1,0.2713446334317726,0.7286553665682273
3973,1,1,0.3395628443981377,0.6604371556018623
3974,1,1,0.3234932158469374,0.6765067841530625
3975,1,1,0.34306533124034505,0.6569346687596549
3976,0,1,0.37916272785170113,0.6208372721482988
3977,1,1,0.2614170537345853,0.7385829462654145
3978,0,1,0.2941128190784699,0.7058871809215301
3979,0,1,0.2694706653099195,0.7305293346900805
3980,0,1,0.256224566822031,0.743775433177969
3981,1,1,0.323936913019453,0.6760630869805471
3982,0,1,0.29939938285912215,0.7006006171408778
3983,1,1,0.3660914597431958,0.6339085402568042
3984,0,1,0.29120175834201595,0.7087982416579841
3985,1,1,0.3207185067145388,0.6792814932854612
3986,1,1,0.3338257815845564,0.6661742184154436
3987,0,1,0.3313753732152487,0.6686246267847513
3988,0,1,0.3240629021417833,0.6759370978582167
3989,0,1,0.28673570209558613,0.7132642979044139
3990,0,1,0.34207725633007724,0.6579227436699229
3991,0,1,0.3579767781349758,0.6420232218650241
3992,0,1,0.26862637604372425,0.7313736239562758
3993,0,1,0.3154126339434772,0.6845873660565229
3994,1,1,0.2634382173460393,0.7365617826539608
3995,1,1,0.3245811609531508,0.6754188390468492
3996,0,1,0.2793137566906632,0.7206862433093368
3997,1,1,0.35411140245653766,0.6458885975434623
3998,0,1,0.41966736699972507,0.5803326330002752
3999,0,1,0.3467686141982126,0.6532313858017874
4000,1,1,0.3753589729400347,0.6246410270599654
4001,1,1,0.38300372041799147,0.6169962795820085
4002,0,1,0.25210339403944293,0.7478966059605572
4003,1,1,0.3524998488022297,0.6475001511977704
4004,1,1,0.3444153090385688,0.6555846909614311
4005,0,1,0.34684095551773325,0.6531590444822666
4006,1,1,0.4420585594593114,0.5579414405406886
4007,0,1,0.36889346268855544,0.6311065373114446
4008,0,1,0.36329873769931087,0.6367012623006891
4009,1,0,0.5066993764775538,0.49330062352244625
4010,0,1,0.3010037010349285,0.6989962989650714
4011,1,1,0.32735609512635405,0.6726439048736459
4012,0,1,0.28884858797614255,0.7111514120238575
4013,1,1,0.3105396090113885,0.6894603909886117
4014,0,1,0.38585833279014164,0.6141416672098584
4015,1,1,0.3486704272436173,0.6513295727563828
4016,0,1,0.38531185950441704,0.614688140495583
4017,0,1,0.2592715567658929,0.740728443234107
4018,1,1,0.2738851478319122,0.7261148521680878
4019,0,1,0.3074656529544983,0.6925343470455018
4020,0,1,0.34981981397005146,0.6501801860299485
4021,1,1,0.26923778712343255,0.7307622128765674
4022,0,1,0.285284058684726,0.7147159413152739
4023,0,1,0.33554369791364197,0.6644563020863581
4024,1,1,0.3513240148101731,0.6486759851898269
4025,1,1,0.32881330215455734,0.6711866978454426
4026,1,1,0.3855582674199331,0.6144417325800671
4027,0,1,0.34578648781306376,0.6542135121869361
4028,1,1,0.409814029016663,0.5901859709833371
4029,0,1,0.34621521053396237,0.6537847894660376
4030,1,1,0.39098975997744956,0.6090102400225504
4031,0,1,0.371999534934866,0.6280004650651341
4032,1,1,0.42153304672156083,0.5784669532784393
4033,1,1,0.33303528928130016,0.6669647107186998
4034,0,1,0.29920374544719863,0.7007962545528014
4035,1,1,0.3053230074195741,0.694676992580426
4036,1,1,0.4025349827501735,0.5974650172498265
4037,1,1,0.3928715597183182,0.6071284402816818
4038,0,1,0.335745629906408,0.6642543700935919
4039,1,1,0.3235988544838033,0.6764011455161967
4040,1,1,0.3545432491912637,0.6454567508087363
4041,0,1,0.32809596964425985,0.6719040303557401
4042,1,1,0.35212495796155263,0.6478750420384473
4043,1,1,0.3088299350767042,0.6911700649232959
4044,0,1,0.3116110231253808,0.6883889768746192
4045,1,1,0.2718194084322065,0.7281805915677935
4046,1,1,0.3892403441195523,0.6107596558804477
4047,1,1,0.37340806910633073,0.6265919308936694
4048,1,1,0.321911874313443,0.6780881256865572
4049,1,1,0.33729486806043296,0.662705131939567
4050,1,1,0.36951602741586814,0.6304839725841318
4051,1,1,0.2850705136603788,0.7149294863396212
4052,1,1,0.4121853232141206,0.5878146767858794
4053,1,1,0.3274127640953888,0.6725872359046112
4054,0,1,0.32603417344720903,0.673965826552791
4055,0,1,0.2827884547581995,0.7172115452418005
4056,1,1,0.3492338733182487,0.6507661266817515
4057,0,1,0.33321292400707186,0.6667870759929282
4058,0,1,0.2836475646556568,0.7163524353443431
4059,1,1,0.3682911531494929,0.6317088468505071
4060,0,1,0.32458408676309725,0.6754159132369028
4061,1,1,0.23916630396499916,0.7608336960350008
4062,1,1,0.27789127182516393,0.7221087281748362
4063,0,1,0.3938054504830767,0.6061945495169232
4064,1,1,0.34060817641264474,0.6593918235873553
4065,1,1,0.33498966491318727,0.6650103350868126
4066,0,1,0.3276566418214373,0.6723433581785627
4067,0,1,0.33312662523352393,0.6668733747664761
4068,0,1,0.32467426031369484,0.675325739686305
4069,1,1,0.3030896055581814,0.6969103944418185
4070,0,1,0.33960491335904774,0.6603950866409521
4071,0,1,0.26932598915650746,0.7306740108434926
4072,0,1,0.3325844942901306,0.6674155057098694
4073,1,1,0.323789391607609,0.6762106083923911
4074,0,1,0.3298320936412941,0.6701679063587059
4075,0,1,0.41518885885358126,0.5848111411464187
4076,0,1,0.25272864001271367,0.7472713599872864
4077,1,1,0.30431801857043944,0.6956819814295606
4078,1,1,0.32809204836751943,0.6719079516324805
4079,1,1,0.376285546946875,0.6237144530531249
4080,1,1,0.33022583233612074,0.6697741676638793
4081,1,1,0.38073667768351793,0.6192633223164821
4082,0,1,0.3295615355451108,0.6704384644548893
4083,1,1,0.3513943264597061,0.6486056735402939
4084,0,1,0.3185145128554719,0.6814854871445282
4085,0,1,0.34379236659448414,0.6562076334055159
4086,1,1,0.3265963553370305,0.6734036446629696
4087,1,1,0.3744663359503732,0.6255336640496268
4088,0,1,0.3019536061990936,0.6980463938009063
4089,0,1,0.22989462920014964,0.7701053707998503
4090,1,1,0.2904832213120387,0.7095167786879614
4091,0,1,0.3091363735089985,0.6908636264910015
4092,0,1,0.3390200345775408,0.6609799654224591
4093,1,1,0.37525764729800487,0.6247423527019951
4094,1,1,0.3271203303601494,0.6728796696398505
4095,0,1,0.35112097651012514,0.6488790234898749
4096,1,1,0.33080185460812894,0.6691981453918711
4097,1,1,0.2523497291744776,0.7476502708255224
4098,1,1,0.3932816915896814,0.6067183084103185
4099,1,1,0.30433954518925005,0.6956604548107499
4100,1,1,0.30192559126447216,0.698074408735528
4101,1,1,0.3004889170200652,0.6995110829799349
4102,0,1,0.3671663318957156,0.6328336681042843
4103,0,1,0.41611318503191924,0.5838868149680806
4104,0,1,0.31625221408672194,0.6837477859132781
4105,1,1,0.3073443479275805,0.6926556520724195
4106,1,1,0.26789852035838385,0.7321014796416162
4107,1,1,0.28038034485604624,0.7196196551439538
4108,1,1,0.3923471454503003,0.6076528545496998
4109,1,1,0.3415010648790045,0.6584989351209956
4110,1,1,0.2671697607603464,0.7328302392396535
4111,1,1,0.3596284128832065,0.6403715871167935
4112,0,1,0.35160814378931116,0.6483918562106887
4113,0,1,0.30770932748473484,0.6922906725152652
4114,1,1,0.25663438737785577,0.7433656126221442
4115,0,1,0.3429560219448573,0.6570439780551427
4116,1,1,0.33371769911296717,0.6662823008870329
4117,0,1,0.26854967523825896,0.731450324761741
4118,1,1,0.2855286154818097,0.7144713845181903
4119,0,1,0.3332890830613763,0.6667109169386238
4120,0,1,0.44698689708238726,0.5530131029176127
4121,1,1,0.2945453048944402,0.7054546951055598
4122,0,1,0.2835406521993971,0.7164593478006029
4123,1,1,0.31689949288326164,0.6831005071167384
4124,0,1,0.30345898305544183,0.6965410169445582
4125,0,1,0.34084549868634667,0.6591545013136533
4126,1,1,0.2826649039206539,0.7173350960793461
4127,1,1,0.2872113537166791,0.712788646283321
4128,1,1,0.333846496297603,0.6661535037023971
4129,1,1,0.3102626889383348,0.6897373110616651
4130,0,1,0.31233478807490134,0.6876652119250988
4131,0,1,0.2839660911301741,0.7160339088698258
4132,1,1,0.3322522832953887,0.6677477167046113
4133,0,1,0.3605409485991942,0.6394590514008058
4134,1,1,0.32550157223906356,0.6744984277609364
4135,1,1,0.3854819370919545,0.6145180629080456
4136,0,1,0.2504818591325017,0.7495181408674984
4137,0,1,0.3516249995312643,0.6483750004687356
4138,1,1,0.3643169507532348,0.6356830492467653
4139,1,1,0.25391777965790374,0.7460822203420961
4140,1,1,0.3482243683072046,0.6517756316927954
4141,1,1,0.3280367233215245,0.6719632766784756
4142,1,1,0.35551210638184483,0.6444878936181552
4143,1,1,0.38592609936165734,0.6140739006383427
4144,0,1,0.3147313060798159,0.685268693920184
4145,0,1,0.332815966649103,0.6671840333508969
4146,1,1,0.307123183956816,0.692876816043184
4147,1,1,0.286564866877442,0.7134351331225581
4148,0,1,0.3473014621423241,0.6526985378576758
4149,0,1,0.3513927786595608,0.6486072213404391
4150,0,1,0.3403928963430746,0.6596071036569253
4151,1,1,0.40083622820320924,0.5991637717967907
4152,0,1,0.2761722108657915,0.7238277891342084
4153,0,1,0.33276444549780676,0.6672355545021933
4154,0,1,0.38304077545978377,0.6169592245402162
4155,1,1,0.280587559498911,0.7194124405010889
4156,0,1,0.30013135990085543,0.6998686400991445
4157,1,1,0.2532176569452696,0.7467823430547305
4158,0,1,0.38288290702622396,0.6171170929737761
4159,1,1,0.2800406129808385,0.7199593870191616
4160,0,1,0.3165480745252259,0.6834519254747741
4161,0,1,0.29755682531911304,0.7024431746808868
4162,1,1,0.3729002877669864,0.6270997122330136
4163,0,1,0.31045194324109127,0.6895480567589087
4164,0,1,0.37024164977253493,0.6297583502274651
4165,1,1,0.4686472157773742,0.5313527842226258
4166,0,1,0.3827031485135614,0.6172968514864385
4167,0,1,0.2970052741261067,0.7029947258738933
4168,1,1,0.2975278654392352,0.7024721345607647
4169,0,1,0.3599471567644668,0.6400528432355332
4170,0,1,0.3109284939524244,0.6890715060475755
4171,0,1,0.3313139326795792,0.6686860673204208
4172,1,1,0.30631336577759255,0.6936866342224075
4173,0,1,0.35841916152064573,0.6415808384793543
4174,1,1,0.25910636915360025,0.7408936308463999
4175,1,1,0.3331867463506553,0.6668132536493447
4176,1,1,0.2917563414947698,0.7082436585052302
4177,0,1,0.351309918015561,0.6486900819844391
4178,1,1,0.2672782909019983,0.7327217090980016
4179,0,1,0.3788436910086239,0.6211563089913761
4180,1,1,0.34973351816587017,0.6502664818341298
4181,1,1,0.42903241022792765,0.5709675897720725
4182,1,1,0.26231193030431466,0.7376880696956853
4183,1,1,0.370418845095651,0.6295811549043491
4184,1,1,0.324671422561234,0.675328577438766
4185,1,1,0.3720108339046688,0.6279891660953311
4186,0,1,0.3100365782281667,0.6899634217718332
4187,0,1,0.3216860249650942,0.6783139750349059
4188,0,1,0.3399105218170041,0.6600894781829959
4189,1,1,0.31524701678640454,0.6847529832135955
4190,0,1,0.3098424253275286,0.6901575746724715
4191,0,1,0.33498894516676053,0.6650110548332395
4192,0,1,0.27993222656815725,0.7200677734318427
4193,1,1,0.2151093805580847,0.7848906194419153
4194,0,1,0.2836843623100615,0.7163156376899387
4195,1,1,0.34493872100965706,0.6550612789903429
4196,1,1,0.31600683618364445,0.6839931638163557
4197,1,1,0.3265923388899044,0.6734076611100956
4198,0,1,0.26681113809503243,0.7331888619049676
4199,0,1,0.36567261279851326,0.6343273872014866
4200,1,1,0.2807687083501385,0.7192312916498615
4201,0,1,0.4085415328390018,0.5914584671609983
4202,0,1,0.31864391682854726,0.6813560831714527
4203,0,1,0.26777240684065273,0.7322275931593472
4204,1,1,0.3574527007385018,0.6425472992614982
4205,1,1,0.29305951673834285,0.7069404832616571
4206,1,1,0.2748425344165847,0.7251574655834153
4207,0,1,0.3132242200063634,0.6867757799936367
4208,0,1,0.339712448029714,0.660287551970286
4209,1,1,0.3291160471905693,0.6708839528094306
4210,1,1,0.3021200371778797,0.6978799628221203
4211,0,1,0.32770262962523905,0.672297370374761
4212,1,1,0.3628391103379793,0.6371608896620208
4213,1,1,0.2946788427897153,0.7053211572102847
4214,0,1,0.35246063149087464,0.6475393685091253
4215,1,1,0.3261141128709031,0.6738858871290969
4216,0,1,0.2924034899068177,0.7075965100931823
4217,1,1,0.3797098581892562,0.6202901418107438
4218,0,1,0.3875906347725659,0.612409365227434
4219,0,1,0.30315184284763524,0.6968481571523648
4220,0,1,0.3277434367900214,0.6722565632099786
4221,0,1,0.2610869641470688,0.7389130358529312
4222,0,1,0.2860829180781787,0.7139170819218212
4223,0,1,0.2328523909696264,0.7671476090303737
4224,0,1,0.3062614402865803,0.6937385597134198
4225,0,1,0.3158902421975078,0.6841097578024922
4226,1,1,0.3367571418029126,0.6632428581970873
4227,1,1,0.30497963275153894,0.6950203672484612
4228,0,1,0.3391283569869535,0.6608716430130466
4229,1,1,0.2992741062247402,0.7007258937752598
4230,0,1,0.3727528882565016,0.6272471117434983
4231,1,1,0.3042037189651926,0.6957962810348074
4232,1,1,0.36165023962856874,0.6383497603714312
4233,0,1,0.34088827378857894,0.659111726211421
4234,0,1,0.3097267814523219,0.6902732185476781
4235,0,1,0.3123362733432656,0.6876637266567345
4236,1,1,0.33996972309362866,0.6600302769063714
4237,1,1,0.27203137111916437,0.7279686288808356
4238,0,1,0.20477417428274838,0.7952258257172515
4239,0,1,0.3649785342919513,0.6350214657080488
4240,0,1,0.30912636605356514,0.690873633946435
4241,0,1,0.35598906571803657,0.6440109342819634
4242,1,1,0.3892593644213299,0.6107406355786701
4243,1,1,0.3695318365406017,0.6304681634593983
4244,0,1,0.3206929910580091,0.6793070089419908
4245,1,1,0.3005552383841182,0.6994447616158816
4246,1,1,0.42818109838950996,0.5718189016104899
4247,1,1,0.23889051362104938,0.7611094863789505
4248,0,1,0.3298652387316789,0.670134761268321
4249,0,1,0.3244351132694882,0.6755648867305118
4250,0,1,0.378647487916802,0.621352512083198
4251,1,1,0.3542436054249012,0.6457563945750988
4252,0,1,0.3364167064655042,0.6635832935344957
4253,1,1,0.3550205794919832,0.6449794205080167
4254,1,1,0.30711322953823367,0.6928867704617664
4255,1,1,0.30175115979733425,0.6982488402026659
4256,0,1,0.3736890578134795,0.6263109421865205
4257,0,1,0.29650246912726397,0.703497530872736
4258,1,1,0.3385719078777652,0.6614280921222349
4259,1,1,0.2975815076796819,0.7024184923203182
4260,0,1,0.3916878868948797,0.6083121131051202
4261,1,1,0.4512291108898465,0.5487708891101535
4262,1,1,0.30927327691793083,0.6907267230820691
4263,1,1,0.25069114838265516,0.7493088516173448
4264,0,1,0.30687326728083725,0.6931267327191628
4265,0,1,0.3183882375530756,0.6816117624469245
4266,0,1,0.3318226180923557,0.6681773819076443
4267,0,1,0.3345757897225179,0.6654242102774821
4268,0,1,0.35502151544073607,0.6449784845592639
4269,0,1,0.3641703377777849,0.6358296622222152
4270,1,1,0.35548626975233144,0.6445137302476687
4271,0,1,0.3221691127300586,0.6778308872699413
4272,0,1,0.2429128969013758,0.7570871030986243
4273,0,1,0.30894539221941475,0.6910546077805853
4274,0,1,0.3696369872004987,0.6303630127995012
4275,0,1,0.365682314331273,0.6343176856687269
4276,0,1,0.28045560782297385,0.7195443921770261
4277,0,1,0.3756236042560774,0.6243763957439226
4278,1,1,0.37219113132902915,0.6278088686709709
4279,1,1,0.419018635592648,0.580981364407352
4280,1,1,0.3230423178370235,0.6769576821629766
4281,0,1,0.32694393862019655,0.6730560613798034
4282,1,1,0.324155355067651,0.675844644932349
4283,0,1,0.2432461519265984,0.7567538480734016
4284,0,1,0.31652962201080354,0.6834703779891964
4285,0,1,0.36088833632925665,0.6391116636707432
4286,1,1,0.3440325167278913,0.6559674832721087
4287,0,1,0.294495307773301,0.7055046922266991
4288,0,1,0.3755540091415095,0.6244459908584905
4289,0,1,0.4003435649364128,0.5996564350635871
4290,1,1,0.2848922123773758,0.7151077876226242
4291,0,1,0.31296788155375854,0.6870321184462415
4292,0,1,0.3265119119444174,0.6734880880555827
4293,1,1,0.3011671269797408,0.6988328730202593
4294,1,1,0.38921756378072697,0.610782436219273
4295,0,1,0.2798142773089144,0.7201857226910855
4296,0,1,0.3741734629116563,0.6258265370883437
4297,0,1,0.28040134519937643,0.7195986548006235
4298,1,1,0.29363782954401824,0.7063621704559817
4299,1,1,0.43469473721001156,0.5653052627899884
4300,0,1,0.4165240402091117,0.5834759597908883
4301,0,1,0.2622724834295238,0.7377275165704762
4302,1,1,0.36661457035646094,0.633385429643539
4303,1,1,0.3277091625014666,0.6722908374985334
4304,0,1,0.3619290052356319,0.6380709947643681
4305,1,1,0.4319464393831456,0.5680535606168544
4306,1,1,0.35715730903318543,0.6428426909668147
4307,1,1,0.3200294092394399,0.6799705907605601
4308,0,1,0.23967877303936386,0.7603212269606361
4309,1,1,0.31633720452089187,0.6836627954791081
4310,1,1,0.31393149172568885,0.6860685082743112
4311,0,1,0.33379381663237434,0.6662061833676256
4312,1,1,0.3069003004036964,0.6930996995963037
4313,1,1,0.4021021934221643,0.5978978065778356
4314,1,1,0.30066931566567096,0.699330684334329
4315,1,1,0.3759460058320233,0.6240539941679768
4316,0,1,0.33340927263042547,0.6665907273695745
4317,0,1,0.3237759310232097,0.6762240689767904
4318,0,1,0.2556564382389414,0.7443435617610586
4319,1,1,0.2908031094937806,0.7091968905062194
4320,1,1,0.2991791088911563,0.7008208911088437
4321,1,1,0.35377422810849357,0.6462257718915065
4322,0,1,0.3721304652788305,0.6278695347211696
4323,1,1,0.3671804062951233,0.6328195937048768
4324,0,1,0.32633827634354506,0.6736617236564549
4325,1,1,0.25595520813470257,0.7440447918652975
4326,1,1,0.31452264452834905,0.6854773554716509
4327,1,1,0.3060612498700922,0.6939387501299078
4328,0,1,0.3275012068177601,0.6724987931822398
4329,0,1,0.3345231776236598,0.6654768223763401
4330,1,1,0.3568404290638,0.6431595709361999
4331,0,1,0.32110109013421917,0.6788989098657808
4332,1,1,0.4021608697156682,0.5978391302843318
4333,0,1,0.33088758479540786,0.6691124152045921
4334,0,1,0.3417039604446953,0.6582960395553046
4335,0,1,0.434929681967376,0.565070318032624
4336,1,1,0.3178342193286123,0.6821657806713877
4337,0,1,0.2904235057624499,0.7095764942375502
4338,0,1,0.33375075601003934,0.6662492439899608
4339,1,1,0.3212393667985128,0.6787606332014873
4340,0,1,0.31622750102346225,0.6837724989765377
4341,1,1,0.34605272277709426,0.6539472772229058
4342,0,1,0.3616506938678888,0.6383493061321113
4343,0,1,0.3341207210767428,0.6658792789232573
4344,0,1,0.3415971390514315,0.6584028609485685
4345,1,1,0.4123061761282506,0.5876938238717494
4346,1,1,0.32184337221443127,0.6781566277855687
4347,1,1,0.3210958455913607,0.6789041544086393
4348,0,1,0.20399582088337206,0.796004179116628
4349,0,1,0.326192960680763,0.673807039319237
4350,1,1,0.39568445723797896,0.604315542762021
4351,0,1,0.3401939521536803,0.6598060478463197
4352,1,1,0.34254089928666204,0.6574591007133379
4353,1,1,0.41722526076970257,0.5827747392302974
4354,0,1,0.354838736665292,0.645161263334708
4355,0,1,0.3331120710088202,0.6668879289911798
4356,0,1,0.23112972245750038,0.7688702775424996
4357,0,1,0.28224392309127794,0.7177560769087221
4358,1,1,0.3665808102802684,0.6334191897197317
4359,0,1,0.3564706080228825,0.6435293919771174
4360,0,1,0.324699729470683,0.675300270529317
4361,1,1,0.29929033414382356,0.7007096658561764
4362,0,1,0.34537311071005616,0.6546268892899437
4363,0,1,0.3370476952709066,0.6629523047290934
4364,0,1,0.35531942573050296,0.644680574269497
4365,1,1,0.35413752349303257,0.6458624765069676
4366,0,1,0.3275564790673248,0.6724435209326751
4367,0,1,0.4281247347590915,0.5718752652409086
4368,1,1,0.31927029005460533,0.6807297099453947
4369,1,1,0.3074968137358834,0.6925031862641167
4370,1,1,0.4192715133990063,0.5807284866009936
4371,1,1,0.35176244308124394,0.648237556918756
4372,1,1,0.2905918466015916,0.7094081533984085
4373,1,1,0.3519067698702214,0.6480932301297785
4374,1,1,0.33795967337163263,0.6620403266283674
4375,1,1,0.2965733318965618,0.7034266681034381
4376,1,1,0.35142565618001825,0.6485743438199818
4377,1,1,0.2773290685786677,0.7226709314213323
4378,0,1,0.3636362671254174,0.6363637328745826
4379,1,1,0.3155385112873911,0.6844614887126088
4380,1,1,0.2711024448186882,0.7288975551813118
4381,0,1,0.3003356880904335,0.6996643119095665
4382,0,1,0.32582828543027453,0.6741717145697255
4383,1,1,0.32087616969412397,0.679123830305876
4384,1,1,0.29093944256828885,0.7090605574317113
4385,0,1,0.26481053174578717,0.7351894682542128
4386,0,1,0.3101023485812352,0.6898976514187647
4387,0,1,0.32669924059365535,0.6733007594063447
4388,0,1,0.2837447562634248,0.7162552437365752
4389,1,1,0.3893245558308334,0.6106754441691666
4390,0,1,0.3642428363035708,0.6357571636964292
4391,1,1,0.28699755590918596,0.7130024440908143
4392,1,1,0.4190101067737921,0.5809898932262079
4393,1,1,0.3286045847930635,0.6713954152069366
4394,1,1,0.36180364126646414,0.638196358733536
4395,0,1,0.3506358063369753,0.6493641936630246
4396,0,1,0.3503421236708849,0.6496578763291152
4397,1,1,0.3006494422615109,0.6993505577384891
4398,0,1,0.31710459427170223,0.6828954057282977
4399,1,1,0.36275135593598556,0.6372486440640144
4400,1,1,0.4223707810484029,0.5776292189515971
4401,0,1,0.2761853341982443,0.7238146658017557
4402,0,1,0.351184701833573,0.6488152981664271
4403,0,1,0.31071132471828994,0.68928867528171
4404,0,1,0.36938350578669077,0.6306164942133092
4405,0,1,0.35204931276183304,0.6479506872381668
4406,0,1,0.2779883427001731,0.722011657299827
4407,0,1,0.33848672027439264,0.6615132797256074
4408,1,1,0.31931165376567494,0.6806883462343252
4409,1,1,0.2950226346855275,0.7049773653144724
4410,0,1,0.2516248774886474,0.7483751225113526
4411,1,1,0.3500457203151526,0.6499542796848474
4412,0,1,0.3747609199982642,0.6252390800017358
4413,0,1,0.3146172179670186,0.6853827820329814
4414,0,1,0.3636740196234797,0.6363259803765203
4415,1,1,0.3740006209368563,0.6259993790631438
4416,1,1,0.355322952859053,0.6446770471409471
4417,1,1,0.316730988754187,0.6832690112458131
4418,1,1,0.35589126680884836,0.6441087331911517
4419,0,1,0.425334883286652,0.574665116713348
4420,1,1,0.3376118260871727,0.6623881739128273
4421,1,1,0.35071736196967,0.6492826380303299
4422,1,1,0.4246938058304441,0.5753061941695559
4423,0,1,0.23449537422332853,0.7655046257766716
4424,0,1,0.3549865898727557,0.6450134101272444
4425,1,1,0.31067406376304835,0.6893259362369515
4426,0,1,0.35052508095563945,0.6494749190443605
4427,0,1,0.2981277773900327,0.7018722226099672
4428,1,1,0.282826731848049,0.7171732681519509
4429,0,1,0.24243142755754246,0.7575685724424575
4430,0,1,0.3111721177725606,0.6888278822274394
4431,0,1,0.32472528373638715,0.6752747162636129
4432,0,1,0.3369170068157966,0.6630829931842033
4433,0,1,0.3086461479601724,0.6913538520398276
4434,0,1,0.33547558307763675,0.6645244169223633
4435,1,1,0.34034937602274834,0.6596506239772517
4436,1,1,0.3452561461203093,0.6547438538796907
4437,0,1,0.3381379520192768,0.6618620479807232
4438,0,1,0.3534385688244186,0.6465614311755814
4439,0,1,0.3399332324683811,0.660066767531619
4440,1,1,0.36695757788411193,0.633042422115888
4441,0,1,0.31185656222298586,0.6881434377770141
4442,1,1,0.29655847892603454,0.7034415210739655
4443,1,1,0.319619736978673,0.680380263021327
4444,0,1,0.3716091045091355,0.6283908954908646
4445,0,1,0.3374332491773549,0.6625667508226452
4446,1,1,0.36061076313909773,0.6393892368609022
4447,0,1,0.3399200020648307,0.6600799979351692
4448,0,1,0.31947630757517514,0.6805236924248248
4449,0,1,0.3595345828559343,0.6404654171440656
4450,1,1,0.30597937819561544,0.6940206218043845
4451,1,1,0.2992268544930383,0.7007731455069617
4452,1,1,0.2582781973283657,0.7417218026716342
4453,0,1,0.3163043786887947,0.6836956213112053
4454,1,1,0.3496713844144064,0.6503286155855936
4455,0,1,0.3199790469699189,0.6800209530300811
4456,1,1,0.36785883694543015,0.6321411630545698
4457,1,1,0.31788055052627134,0.6821194494737286
4458,0,1,0.2766906256059884,0.7233093743940118
4459,0,1,0.334698963017385,0.6653010369826151
4460,1,1,0.32775122597881307,0.6722487740211869
4461,0,1,0.30743212802217007,0.6925678719778299
4462,1,1,0.28844762445274524,0.7115523755472548
4463,1,1,0.361570104074979,0.638429895925021
4464,0,1,0.2613627106854355,0.7386372893145645
4465,0,1,0.3444776525940509,0.6555223474059491
4466,1,1,0.2922441245051537,0.7077558754948463
4467,1,1,0.3138816960153395,0.6861183039846606
4468,1,1,0.31481575663885003,0.6851842433611501
4469,1,1,0.39900455934753454,0.6009954406524655
4470,1,1,0.29543890458889777,0.7045610954111021
4471,1,1,0.2901144814310649,0.709885518568935
4472,0,1,0.3487087139335978,0.6512912860664023
4473,1,1,0.32530370628372146,0.6746962937162786
4474,1,1,0.31024089401870614,0.6897591059812938
4475,1,1,0.39475957698912745,0.6052404230108726
4476,0,1,0.3575381633972854,0.6424618366027145
4477,0,1,0.31083173323567814,0.689168266764322
4478,1,1,0.30242430679235915,0.6975756932076409
4479,1,1,0.36526863050892666,0.6347313694910733
4480,0,1,0.33389071505054513,0.666109284949455
4481,1,1,0.31508843714362306,0.6849115628563771
4482,0,1,0.3002506206537774,0.6997493793462226
4483,0,1,0.3055168844710461,0.6944831155289539
4484,0,1,0.35059800282571213,0.6494019971742879
4485,1,1,0.30469709476924745,0.6953029052307527
4486,0,1,0.28058314397972606,0.7194168560202739
4487,1,1,0.2654647916749133,0.7345352083250867
4488,1,1,0.3209096849556301,0.67909031504437
4489,0,1,0.3060740324649975,0.6939259675350025
4490,1,1,0.4008245749454599,0.59917542505454
4491,0,1,0.35625636791615256,0.6437436320838474
4492,0,1,0.320760633087953,0.6792393669120469
4493,0,1,0.39533690210043704,0.6046630978995629
4494,1,1,0.2877454213308558,0.7122545786691443
4495,0,1,0.44392919049722657,0.5560708095027734
4496,1,1,0.3525483778839046,0.6474516221160953
4497,0,1,0.35691903201731584,0.6430809679826841
4498,0,1,0.31416731481043936,0.6858326851895606
4499,1,0,0.5195752906962241,0.48042470930377595
4500,0,1,0.37016482103566534,0.6298351789643347
4501,0,1,0.29816152101701454,0.7018384789829855
4502,0,1,0.26471329187006776,0.7352867081299322
4503,1,1,0.2604167574954057,0.7395832425045943
4504,0,1,0.3446139490465998,0.6553860509534002
4505,0,1,0.4175944446324907,0.5824055553675094
4506,1,1,0.3505454335048512,0.6494545664951488
4507,1,1,0.3232809165772602,0.6767190834227398
4508,1,1,0.32112264419668796,0.6788773558033121
4509,1,1,0.34605206175176456,0.6539479382482356
4510,0,1,0.3147847136068873,0.6852152863931127
4511,0,1,0.274751445083283,0.7252485549167169
4512,1,1,0.35806518491115547,0.6419348150888444
4513,0,1,0.30778569352802443,0.6922143064719755
4514,1,1,0.3687270974940718,0.6312729025059283
4515,0,1,0.31458990083226057,0.6854100991677394
4516,1,1,0.3207785847263798,0.6792214152736202
4517,1,1,0.25349182361661865,0.7465081763833813
4518,1,1,0.3429814038021594,0.6570185961978405
4519,1,1,0.3694963328773636,0.6305036671226364
4520,1,1,0.3162282306201135,0.6837717693798864
4521,1,1,0.28940739775166674,0.7105926022483333
4522,1,1,0.32088126204100553,0.6791187379589945
4523,0,1,0.41017304287473405,0.5898269571252661
4524,0,1,0.35231753741388655,0.6476824625861135
4525,0,1,0.24072500818639558,0.7592749918136044
4526,0,1,0.34602569730002963,0.6539743026999703
4527,1,1,0.22672428755909613,0.7732757124409039
4528,0,1,0.3616233927662816,0.6383766072337185
4529,1,1,0.32711412191793526,0.6728858780820648
4530,0,1,0.3401659413056573,0.6598340586943428
4531,1,1,0.43534428213739845,0.5646557178626015
4532,1,1,0.2696332506237359,0.730366749376264
4533,1,1,0.3714778116963619,0.6285221883036382
4534,0,1,0.29544572247719797,0.704554277522802
4535,1,1,0.31559995789795087,0.6844000421020492
4536,1,1,0.3409286950979291,0.6590713049020709
4537,0,1,0.315867201743408,0.6841327982565921
4538,0,1,0.3574546012110719,0.6425453987889281
4539,0,1,0.4159545037498769,0.5840454962501231
4540,0,1,0.3554079858423019,0.6445920141576982
4541,0,1,0.4217194475868536,0.5782805524131464
4542,0,1,0.3426743716758337,0.6573256283241663
4543,1,1,0.335135355855433,0.6648646441445669
4544,1,1,0.36687379647329027,0.6331262035267098
4545,1,1,0.36117578449789445,0.6388242155021056
4546,1,1,0.4245333597423023,0.5754666402576977
4547,0,1,0.33487679780212254,0.6651232021978775
4548,0,1,0.3488513310814721,0.651148668918528
4549,0,1,0.32973031235401384,0.6702696876459862
4550,1,1,0.3472043892345339,0.6527956107654661
4551,1,1,0.35849799779552466,0.6415020022044753
4552,0,1,0.3906451232899381,0.6093548767100618
4553,0,1,0.3730679572052463,0.6269320427947537
4554,0,1,0.41288659430727587,0.5871134056927241
4555,0,1,0.3218431094462552,0.6781568905537448
4556,1,1,0.34787534773745166,0.6521246522625481
4557,0,1,0.2657551931961603,0.7342448068038396
4558,1,1,0.37904543031213406,0.6209545696878659
4559,0,1,0.32264684094459734,0.6773531590554026
4560,0,1,0.2938717991226847,0.7061282008773153
4561,1,1,0.30122427800256363,0.6987757219974363
4562,0,1,0.3038433519058075,0.6961566480941925
4563,0,1,0.37860643575327696,0.6213935642467232
4564,0,1,0.24029806325494577,0.7597019367450543
4565,1,1,0.2551038619723789,0.7448961380276211
4566,1,1,0.2999900807267007,0.7000099192732994
4567,0,1,0.2861343562328524,0.7138656437671475
4568,1,1,0.3261900034401413,0.6738099965598586
4569,1,1,0.2959198023273188,0.704080197672681
4570,0,1,0.3945730208568734,0.6054269791431266
4571,1,1,0.3167628277808334,0.6832371722191666
4572,1,1,0.28350865618466264,0.7164913438153374
4573,0,1,0.2550091786306324,0.7449908213693677
4574,1,1,0.3524546501456232,0.6475453498543768
4575,0,1,0.2917891834351328,0.7082108165648673
4576,0,1,0.3944407693199355,0.6055592306800646
4577,1,1,0.30576700674059726,0.6942329932594027
4578,0,1,0.3574151281489015,0.6425848718510985
4579,1,1,0.3557160990164884,0.6442839009835116
4580,1,1,0.3878215740615145,0.6121784259384855
4581,1,1,0.3352113483826113,0.6647886516173886
4582,1,1,0.32024424361895204,0.6797557563810479
4583,1,1,0.2702424073725125,0.7297575926274875
4584,1,1,0.3301874526315155,0.6698125473684845
4585,1,1,0.24938084082955073,0.7506191591704492
4586,0,1,0.3373621539985902,0.6626378460014097
4587,1,1,0.3540399655225905,0.6459600344774095
4588,1,1,0.3906970911937962,0.6093029088062039
4589,1,1,0.2771333933783193,0.7228666066216807
4590,1,1,0.3137291000390481,0.686270899960952
4591,1,1,0.34450627701457104,0.655493722985429
4592,0,1,0.3671874195444795,0.6328125804555205
4593,0,1,0.38339919537591904,0.616600804624081
4594,1,1,0.3405460290330995,0.6594539709669005
4595,0,1,0.3130226794165644,0.6869773205834355
4596,0,1,0.2951844188448345,0.7048155811551655
4597,0,1,0.42378606423483894,0.576213935765161
4598,0,1,0.3211272477539211,0.6788727522460789
4599,1,1,0.2944459160727521,0.7055540839272478
4600,1,1,0.3106563194403495,0.6893436805596505
4601,1,1,0.38886487396700736,0.6111351260329927
4602,1,1,0.3970495544437296,0.6029504455562702
4603,1,1,0.297609205823861,0.7023907941761389
4604,1,1,0.31490559570229165,0.6850944042977083
4605,1,1,0.37188922745285696,0.628110772547143
4606,0,1,0.32986533355798053,0.6701346664420196
4607,0,1,0.35907450496645804,0.6409254950335419
4608,0,1,0.2942822056441179,0.7057177943558821
4609,1,1,0.29626300998019056,0.7037369900198095
4610,1,1,0.3184259977907851,0.6815740022092149
4611,1,1,0.2867331457618235,0.7132668542381766
4612,0,1,0.345312633232191,0.6546873667678089
4613,1,1,0.3336034515008195,0.6663965484991805
4614,1,1,0.3376321968745195,0.6623678031254805
4615,1,1,0.3295692935095413,0.6704307064904588
4616,1,1,0.39398677410342126,0.6060132258965787
4617,1,1,0.31880110476529805,0.681198895234702
4618,1,1,0.2806844436000325,0.7193155563999676
4619,1,1,0.29644944307090454,0.7035505569290954
4620,0,1,0.33514263152459484,0.6648573684754051
4621,1,1,0.2860875570024318,0.7139124429975683
4622,1,1,0.42314068720499765,0.5768593127950024
4623,0,1,0.2925456382274131,0.707454361772587
4624,0,1,0.3297963100454026,0.6702036899545976
4625,0,1,0.33780511033026106,0.662194889669739
4626,0,1,0.31805602911151504,0.6819439708884849
4627,0,1,0.28798949315143346,0.7120105068485665
4628,1,1,0.2648643023639767,0.7351356976360233
4629,1,1,0.287467519151078,0.712532480848922
4630,1,1,0.32749361263733723,0.6725063873626628
4631,1,1,0.3218810021950364,0.6781189978049635
4632,0,1,0.2815552506626524,0.7184447493373476
4633,0,1,0.35103765123200875,0.6489623487679911
4634,0,1,0.39945130180937494,0.6005486981906251
4635,1,1,0.23995687211064626,0.7600431278893538
4636,0,1,0.37357373542065436,0.6264262645793456
4637,1,1,0.3582769193592654,0.6417230806407347
4638,1,1,0.3696238726765722,0.6303761273234278
4639,0,1,0.266853346914554,0.733146653085446
4640,0,1,0.34487315206922564,0.6551268479307744
4641,1,1,0.292029008800977,0.7079709911990231
4642,1,1,0.28172696304360123,0.7182730369563988
4643,1,1,0.2997219272096019,0.7002780727903981
4644,0,1,0.360680631655578,0.6393193683444219
4645,0,1,0.38844443418231783,0.6115555658176821
4646,0,1,0.3354312284895771,0.6645687715104229
4647,1,1,0.27123619000842186,0.7287638099915781
4648,1,1,0.3693482839159558,0.6306517160840441
4649,1,1,0.3114384515285386,0.6885615484714613
4650,1,1,0.32078504507970446,0.6792149549202955
4651,0,1,0.31166085794719256,0.6883391420528073
4652,1,1,0.31054741130975316,0.6894525886902467
4653,1,1,0.30711808749502956,0.6928819125049703
4654,1,1,0.38421192273758514,0.6157880772624149
4655,1,1,0.33483634158252884,0.6651636584174712
4656,0,1,0.3235522570802571,0.6764477429197429
4657,0,1,0.31220295104655893,0.6877970489534411
4658,1,1,0.3525257040868956,0.6474742959131043
4659,0,1,0.29307645265220617,0.7069235473477938
4660,1,1,0.29205780749522925,0.7079421925047709
4661,1,1,0.31967195899234485,0.6803280410076551
4662,1,1,0.3343671208116076,0.6656328791883925
4663,0,1,0.31140494149428893,0.6885950585057111
4664,0,1,0.34201695165499496,0.6579830483450051
4665,0,1,0.3193722067317811,0.6806277932682188
4666,1,1,0.309951956153834,0.690048043846166
4667,0,1,0.21473046902803394,0.7852695309719662
4668,1,1,0.35120147826159503,0.6487985217384049
4669,0,1,0.30169703532940617,0.6983029646705938
4670,1,1,0.2463684267766364,0.7536315732233636
4671,0,1,0.37805755656440243,0.6219424434355976
4672,1,1,0.30818556328050484,0.6918144367194952
4673,0,1,0.27927554848835534,0.7207244515116448
4674,1,1,0.4763767151199872,0.5236232848800129
4675,1,1,0.317412184465224,0.682587815534776
4676,0,1,0.33497185657328793,0.6650281434267121
4677,0,1,0.28658786372235323,0.7134121362776469
4678,1,1,0.33967837513632465,0.6603216248636754
4679,0,1,0.3388974740361471,0.661102525963853
4680,0,1,0.38863238981304943,0.6113676101869505
4681,1,1,0.4073984738879248,0.5926015261120752
4682,0,1,0.29429781527577503,0.7057021847242249
4683,0,1,0.30577564158362847,0.6942243584163714
4684,1,1,0.31320723442601206,0.686792765573988
4685,0,1,0.3822990670878696,0.6177009329121304
4686,0,1,0.2990827992867401,0.7009172007132598
4687,1,1,0.3408248058740013,0.6591751941259987
4688,0,1,0.3235833712200046,0.6764166287799953
4689,1,1,0.2764857727291381,0.7235142272708619
4690,1,1,0.4529529068598915,0.5470470931401086
4691,1,1,0.3686265145642434,0.6313734854357566
4692,0,1,0.3230979306556162,0.6769020693443837
4693,0,1,0.4016304825942157,0.5983695174057844
4694,0,1,0.2913444514096795,0.7086555485903204
4695,0,1,0.3326757725005047,0.6673242274994954
4696,0,1,0.27324458814004193,0.726755411859958
4697,0,1,0.32198323896435743,0.6780167610356425
4698,0,1,0.31019936912876434,0.6898006308712357
4699,0,1,0.2769066008322172,0.7230933991677828
4700,0,1,0.38271886330424726,0.6172811366957527
4701,0,1,0.3171639766434518,0.6828360233565481
4702,0,1,0.3688133087369474,0.6311866912630526
4703,0,1,0.2746741421169494,0.7253258578830506
4704,0,1,0.2624575073919509,0.7375424926080489
4705,0,1,0.28274951964123674,0.7172504803587633
4706,1,1,0.3124417346505263,0.6875582653494736
4707,1,1,0.29277165790166704,0.707228342098333
4708,0,1,0.33168827844504545,0.6683117215549546
4709,1,1,0.36569809656354124,0.6343019034364588
4710,1,1,0.3097115887745979,0.6902884112254021
4711,0,1,0.3227430753523535,0.6772569246476465
4712,0,1,0.3025325417197172,0.6974674582802828
4713,1,1,0.3443863444369241,0.6556136555630758
4714,0,1,0.2573204869067821,0.742679513093218
4715,1,1,0.2906611922118379,0.7093388077881622
4716,0,1,0.30171237713076554,0.6982876228692344
4717,1,1,0.23791084937934207,0.762089150620658
4718,1,1,0.3247960103222261,0.6752039896777738
4719,0,1,0.34722108735776774,0.6527789126422323
4720,0,1,0.35357005483769455,0.6464299451623056
4721,1,1,0.3566361909062702,0.6433638090937299
4722,1,1,0.3841362480085272,0.6158637519914727
4723,1,1,0.34581681255290764,0.6541831874470923
4724,1,1,0.33826425204988975,0.6617357479501103
4725,0,1,0.30542584862455524,0.6945741513754449
4726,0,1,0.35380183032103457,0.6461981696789655
4727,0,1,0.45129800628907285,0.5487019937109271
4728,1,1,0.330430612510823,0.6695693874891769
4729,0,1,0.36310294417748534,0.6368970558225147
4730,0,1,0.2945430601009148,0.7054569398990853
4731,0,1,0.32222201386691063,0.6777779861330893
4732,1,1,0.30957556009945686,0.6904244399005433
4733,0,1,0.329768427718558,0.670231572281442
4734,1,1,0.40692956762912114,0.5930704323708789
4735,1,1,0.33595388566573153,0.6640461143342684
4736,0,1,0.3461645901208255,0.6538354098791745
4737,1,1,0.37944970633485053,0.6205502936651495
4738,0,1,0.3440503950866876,0.6559496049133123
4739,1,1,0.3727714669329314,0.6272285330670685
4740,1,1,0.34406296538975856,0.6559370346102413
4741,1,1,0.3187173448425306,0.6812826551574696
4742,0,1,0.29758159408594037,0.7024184059140596
4743,0,1,0.2703012961500641,0.7296987038499361
4744,0,1,0.3494517978083226,0.6505482021916773
4745,1,1,0.31445062045116534,0.6855493795488345
4746,1,1,0.2949862314826288,0.7050137685173712
4747,1,1,0.2091912607741433,0.7908087392258567
4748,1,1,0.34525923792296637,0.6547407620770337
4749,0,1,0.30272870517220285,0.697271294827797
4750,1,1,0.3449679137333869,0.655032086266613
4751,1,1,0.3485384431783023,0.6514615568216978
4752,1,1,0.2849905036738531,0.7150094963261469
4753,1,1,0.31531588256653065,0.6846841174334694
4754,0,1,0.33344551741121287,0.6665544825887871
4755,0,1,0.34227465064869167,0.6577253493513083
4756,1,1,0.3474690209309457,0.6525309790690541
4757,1,1,0.3571219718806436,0.6428780281193565
4758,1,1,0.3143895605912358,0.6856104394087642
4759,0,1,0.26534684110764223,0.7346531588923577
4760,0,1,0.33393338332927636,0.6660666166707236
4761,0,1,0.39028035677501266,0.6097196432249874
4762,1,1,0.308927841674957,0.691072158325043
4763,0,1,0.30246569954452873,0.6975343004554713
4764,1,1,0.2934727724101839,0.7065272275898161
4765,1,1,0.3160033858189153,0.6839966141810846
4766,1,1,0.38859477178310226,0.6114052282168978
4767,0,1,0.34491588529431666,0.6550841147056834
4768,1,1,0.36544398815069495,0.634556011849305
4769,1,1,0.28226662281433584,0.7177333771856642
4770,0,1,0.25895060490735744,0.7410493950926427
4771,0,1,0.3235435222184164,0.6764564777815836
4772,0,1,0.274359084489335,0.725640915510665
4773,1,1,0.3206260993864696,0.6793739006135304
4774,0,1,0.26149247914586665,0.7385075208541334
4775,0,1,0.3694149369989517,0.6305850630010483
4776,0,1,0.4506118351146749,0.549388164885325
4777,0,1,0.33049996490660405,0.6695000350933961
4778,1,1,0.3355265048120379,0.6644734951879621
4779,0,1,0.3326334180834438,0.6673665819165561
4780,1,1,0.25963977974797,0.7403602202520301
4781,1,1,0.35586632863941814,0.6441336713605819
4782,0,1,0.2744597449378965,0.7255402550621035
4783,1,1,0.41241057141675763,0.5875894285832424
4784,1,1,0.3383749412957631,0.6616250587042367
4785,1,1,0.3157249884939097,0.6842750115060903
4786,0,1,0.38357929693400067,0.6164207030659993
4787,0,1,0.30514808121972753,0.6948519187802724
4788,1,1,0.37542855414135223,0.6245714458586478
4789,1,1,0.4236853817337182,0.5763146182662818
4790,0,1,0.36359198457070824,0.6364080154292917
4791,0,1,0.2760372003815654,0.7239627996184346
4792,0,1,0.4008764067014438,0.5991235932985562
4793,1,1,0.27091588460223703,0.729084115397763
4794,1,1,0.24905177049264027,0.7509482295073597
4795,1,1,0.3468412861837365,0.6531587138162634
4796,0,1,0.35427317457979146,0.6457268254202085
4797,0,1,0.3396387510508273,0.6603612489491728
4798,0,1,0.4052117413811007,0.5947882586188993
4799,1,1,0.30516912451303363,0.6948308754869664
4800,1,1,0.3602060567770572,0.6397939432229428
4801,0,1,0.29650863576397635,0.7034913642360237
4802,0,1,0.34231304057296674,0.6576869594270331
4803,0,1,0.33923824577468636,0.6607617542253137
4804,1,1,0.2985607353803039,0.7014392646196961
4805,0,1,0.3316882720467916,0.6683117279532084
4806,0,1,0.3944970301803623,0.6055029698196377
4807,0,1,0.3336141859333354,0.6663858140666645
4808,0,1,0.36095136187227844,0.6390486381277215
4809,1,1,0.2810495948092862,0.7189504051907138
4810,0,1,0.3467255103413619,0.6532744896586381
4811,0,1,0.35041009146844543,0.6495899085315546
4812,0,1,0.39772480211208594,0.6022751978879142
4813,0,1,0.35089595583052247,0.6491040441694775
4814,1,1,0.3275886694060676,0.6724113305939323
4815,0,1,0.31770330366358573,0.6822966963364143
4816,1,1,0.3843799865005252,0.6156200134994749
4817,0,1,0.3441445095113833,0.6558554904886167
4818,1,1,0.3116888048173917,0.6883111951826084
4819,0,1,0.39720754375988665,0.6027924562401134
4820,0,1,0.34860050907234297,0.651399490927657
4821,0,1,0.24512989405660648,0.7548701059433934
4822,0,1,0.32639086563148845,0.6736091343685117
4823,1,1,0.34251898538635067,0.6574810146136492
4824,0,1,0.33248782418024486,0.6675121758197553
4825,0,1,0.31351800741268276,0.6864819925873173
4826,1,1,0.33644548824952186,0.6635545117504782
4827,0,1,0.34611126987379437,0.6538887301262057
4828,0,1,0.30468969224671266,0.6953103077532874
4829,1,1,0.31659348642755586,0.6834065135724441
4830,1,1,0.2884547785751985,0.7115452214248016
4831,0,1,0.2789660121995082,0.7210339878004917
4832,1,1,0.3387414068824537,0.6612585931175463
4833,0,1,0.33028485672430946,0.6697151432756905
4834,1,1,0.35477379872125864,0.6452262012787413
4835,1,1,0.27508275753401723,0.7249172424659829
4836,0,1,0.2555632333470893,0.7444367666529108
4837,1,1,0.31556981925702743,0.6844301807429726
4838,1,1,0.400513077934875,0.599486922065125
4839,1,1,0.35509352710391096,0.6449064728960889
4840,1,1,0.31513646952747015,0.6848635304725299
4841,0,1,0.34566779194210145,0.6543322080578986
4842,0,1,0.36529726780713156,0.6347027321928684
4843,1,1,0.3167739446155861,0.683226055384414
4844,1,1,0.2710285194722267,0.7289714805277732
4845,0,1,0.29698099391137683,0.7030190060886233
4846,0,1,0.4088855975441239,0.5911144024558761
4847,1,1,0.3468621242551355,0.6531378757448645
4848,1,1,0.30222023466765185,0.6977797653323483
4849,1,1,0.2630635761640811,0.7369364238359188
4850,0,1,0.343217967930322,0.656782032069678
4851,1,1,0.2677015559302206,0.7322984440697793
4852,1,1,0.31510715764585895,0.6848928423541409
4853,1,1,0.3577197962835052,0.6422802037164947
4854,0,1,0.3808686006804937,0.6191313993195064
4855,0,1,0.262243257274828,0.737756742725172
4856,0,1,0.3267305792893864,0.6732694207106136
4857,0,1,0.2996612460097455,0.7003387539902546
4858,0,1,0.320930173803463,0.6790698261965371
4859,0,1,0.23871919591465995,0.76128080408534
4860,0,1,0.32986096562483075,0.6701390343751693
4861,1,1,0.3304931172477166,0.6695068827522834
4862,1,1,0.2837966916668297,0.7162033083331703
4863,0,1,0.3285035646765156,0.6714964353234844
4864,0,1,0.3305475259869629,0.669452474013037
4865,1,1,0.3054471310844613,0.6945528689155387
4866,1,1,0.2908978457948544,0.7091021542051457
4867,1,1,0.305664051752467,0.6943359482475329
4868,0,1,0.23869178755597198,0.7613082124440281
4869,1,1,0.3897997087171305,0.6102002912828695
4870,0,1,0.36849334506844833,0.6315066549315518
4871,1,1,0.32251837473250416,0.6774816252674958
4872,0,1,0.255279599775646,0.744720400224354
4873,0,1,0.29358744101191525,0.7064125589880847
4874,1,1,0.3780891641839603,0.6219108358160397
4875,0,1,0.3201133926482954,0.6798866073517046
4876,0,1,0.3070580973007953,0.6929419026992047
4877,1,1,0.39878682024720497,0.6012131797527951
4878,0,1,0.3199092356893818,0.6800907643106182
4879,0,1,0.3301562451026105,0.6698437548973895
4880,1,1,0.33592900823163396,0.664070991768366
4881,1,1,0.34400272354974676,0.6559972764502532
4882,1,1,0.43422474659314464,0.5657752534068554
4883,1,1,0.3358265946854369,0.6641734053145629
4884,1,1,0.2742327807250322,0.7257672192749678
4885,0,1,0.3171351206299201,0.68286487937008
4886,1,1,0.2927539969753161,0.7072460030246837
4887,1,1,0.29374757304662946,0.7062524269533705
4888,0,1,0.33232569679044943,0.6676743032095507
4889,0,1,0.3348850343569635,0.6651149656430365
4890,0,1,0.3043902604242053,0.6956097395757947
4891,1,1,0.3757120612350725,0.6242879387649276
4892,1,1,0.2847433977381936,0.7152566022618063
4893,1,1,0.2860754809135127,0.7139245190864874
4894,0,1,0.24740731813337832,0.7525926818666218
4895,0,1,0.3700301165259229,0.629969883474077
4896,1,1,0.29521230342354926,0.7047876965764507
4897,0,1,0.36525512630952095,0.634744873690479
4898,0,1,0.3574147449731875,0.6425852550268125
4899,1,1,0.3439656714364562,0.6560343285635439
4900,1,1,0.3081940660540527,0.6918059339459472
4901,1,1,0.3781938659353497,0.6218061340646501
4902,0,1,0.3312075559193982,0.6687924440806019
4903,1,1,0.3749537873049111,0.6250462126950889
4904,1,1,0.3806104365151204,0.6193895634848795
4905,1,1,0.3450438745638274,0.6549561254361727
4906,0,1,0.32196591966823707,0.6780340803317629
4907,1,1,0.3516600417920483,0.6483399582079516
4908,0,1,0.36856632402033473,0.6314336759796653
4909,0,1,0.335615343616865,0.6643846563831349
4910,0,1,0.29196362023825045,0.7080363797617495
4911,1,1,0.364793085864116,0.6352069141358839
4912,1,1,0.3728096482468434,0.6271903517531565
4913,1,1,0.36749394408751673,0.6325060559124833
4914,0,1,0.3731238910745839,0.626876108925416
4915,0,1,0.30405783521092217,0.6959421647890778
4916,0,1,0.30835666772843856,0.6916433322715614
4917,1,1,0.31523849021163447,0.6847615097883656
4918,0,1,0.3500262669194674,0.6499737330805326
4919,1,1,0.3033788827380282,0.6966211172619718
4920,1,1,0.3921087462189418,0.6078912537810582
4921,1,1,0.34296234970073813,0.6570376502992619
4922,0,1,0.2735797372254609,0.7264202627745391
4923,0,1,0.31585028486335126,0.6841497151366487
4924,1,1,0.36592670049552223,0.6340732995044778
4925,0,1,0.3193599990165899,0.6806400009834099
4926,0,1,0.29436534679952653,0.7056346532004735
4927,0,1,0.35850974276081066,0.6414902572391894
4928,1,1,0.28085263670340066,0.7191473632965993
4929,0,1,0.3395556548282402,0.6604443451717599
4930,1,1,0.350323016348354,0.6496769836516461
4931,1,1,0.3111975739342862,0.6888024260657138
4932,1,1,0.3671644152022948,0.6328355847977052
4933,1,1,0.29789514828991126,0.7021048517100887
4934,1,1,0.3706707087962405,0.6293292912037596
4935,1,1,0.33606677900717224,0.6639332209928278
4936,1,1,0.32447379662433606,0.6755262033756639
4937,1,1,0.3453319018937817,0.6546680981062183
4938,1,1,0.3583579988208204,0.6416420011791797
4939,1,1,0.2932149061109137,0.7067850938890863
4940,1,1,0.3113919579294194,0.6886080420705807
4941,1,1,0.3452187500034622,0.6547812499965378
4942,1,1,0.28963276711923003,0.7103672328807701
4943,0,1,0.2839200521853991,0.7160799478146009
4944,1,1,0.2483432583471382,0.7516567416528619
4945,1,1,0.26951358852326734,0.7304864114767327
4946,0,1,0.3565558251574804,0.6434441748425197
4947,1,1,0.28401262845987824,0.7159873715401217
4948,0,1,0.34726221565990983,0.6527377843400901
4949,1,1,0.3261159422997606,0.6738840577002392
4950,0,1,0.37295366919183137,0.6270463308081687
4951,1,1,0.31951099589292487,0.6804890041070751
4952,1,1,0.3777870044256076,0.6222129955743924
4953,0,1,0.31576198117127957,0.6842380188287205
4954,0,1,0.35805323333751654,0.6419467666624834
4955,1,1,0.3234357374799096,0.6765642625200903
4956,1,1,0.3370894444418371,0.6629105555581628
4957,1,1,0.29814686969833715,0.7018531303016627
4958,0,1,0.34268297106511053,0.6573170289348894
4959,0,1,0.3084494017600531,0.6915505982399468
4960,0,1,0.3377746005210008,0.6622253994789993
4961,0,1,0.3520493340469249,0.6479506659530752
4962,0,1,0.34897244161671376,0.6510275583832861
4963,0,1,0.28297035335625964,0.7170296466437405
4964,1,1,0.39926791097137376,0.6007320890286263
4965,0,1,0.2183528701726703,0.7816471298273296
4966,0,1,0.35494276138941505,0.6450572386105848
4967,0,1,0.38415068926698553,0.6158493107330145
4968,0,1,0.2812619612633436,0.7187380387366564
4969,1,1,0.4067369264234925,0.5932630735765075
4970,1,1,0.2721384105633997,0.7278615894366003
4971,1,1,0.2823107692169966,0.7176892307830034
4972,1,1,0.33973053816354987,0.6602694618364502
4973,0,1,0.35828528703252105,0.6417147129674788
4974,0,1,0.28774396707476624,0.7122560329252337
4975,1,1,0.254787508453975,0.745212491546025
4976,0,1,0.3372414777778966,0.6627585222221035
4977,0,1,0.32282259732015683,0.6771774026798432
4978,0,1,0.2962148100144222,0.703785189985578
4979,1,1,0.36902277608197376,0.6309772239180262
4980,1,1,0.3220340858530772,0.6779659141469229
4981,0,1,0.3496341833506623,0.6503658166493376
4982,1,1,0.3125882052339028,0.6874117947660972
4983,0,1,0.3100660177033333,0.6899339822966666
4984,1,1,0.37019187358689143,0.6298081264131087
4985,1,1,0.2630596357132075,0.7369403642867924
4986,1,1,0.35345222699315837,0.6465477730068416
4987,0,1,0.3294413201842072,0.670558679815793
4988,0,1,0.319393764094546,0.680606235905454
4989,1,1,0.31369168402382436,0.6863083159761756
4990,0,1,0.334280825357927,0.665719174642073
4991,0,1,0.33248686007947953,0.6675131399205205
4992,1,1,0.31971333039371685,0.6802866696062831
4993,1,1,0.2826521479979868,0.7173478520020131
4994,0,1,0.35385425094980083,0.6461457490501992
4995,1,1,0.35372523151256935,0.6462747684874308
4996,0,1,0.30364462846134416,0.6963553715386559
4997,1,1,0.34529256310499196,0.6547074368950081
4998,0,1,0.31648299691095994,0.6835170030890401
4999,0,1,0.35525780173094834,0.6447421982690517
5000,1,1,0.2694449126659575,0.7305550873340426
5001,1,1,0.2900969447621523,0.7099030552378477
5002,0,1,0.28393686478624497,0.7160631352137549
5003,1,1,0.3088599151542534,0.6911400848457467
5004,0,1,0.31669371135763613,0.6833062886423638
5005,0,1,0.33032057316200747,0.6696794268379924
5006,0,1,0.32328424721845966,0.6767157527815404
5007,0,1,0.29426793293788456,0.7057320670621154
5008,1,1,0.30086980545833897,0.699130194541661
5009,0,1,0.310202593005358,0.689797406994642
5010,1,1,0.33520744680169423,0.6647925531983057
5011,0,1,0.3118622297970528,0.6881377702029472
5012,1,1,0.3442290075357504,0.6557709924642496
5013,0,1,0.3344985139375409,0.6655014860624592
5014,0,1,0.30751574342343013,0.6924842565765699
5015,0,1,0.36340544026448696,0.636594559735513
5016,0,1,0.3400558621387136,0.6599441378612865
5017,1,1,0.44910582014360756,0.5508941798563923
5018,1,1,0.347809868294798,0.652190131705202
5019,1,1,0.32400276559021796,0.6759972344097821
5020,1,1,0.31273553998359627,0.6872644600164037
5021,1,1,0.31773158757499476,0.6822684124250051
5022,0,1,0.3105133237270024,0.6894866762729976
5023,0,1,0.3922355106097632,0.6077644893902368
5024,0,1,0.3134239824702658,0.6865760175297342
5025,0,1,0.32470607978664917,0.6752939202133508
5026,1,1,0.32201673309695394,0.677983266903046
5027,1,1,0.3392758449955559,0.660724155004444
5028,1,1,0.36508539895571535,0.6349146010442847
5029,0,1,0.23842368475732817,0.7615763152426718
5030,1,1,0.3775904711070343,0.6224095288929657
5031,1,1,0.28089688127460966,0.7191031187253902
5032,1,1,0.42270448038115277,0.5772955196188472
5033,1,1,0.4344104202036133,0.5655895797963866
5034,0,1,0.336432247032378,0.663567752967622
5035,0,1,0.3600935413181038,0.6399064586818961
5036,0,1,0.2817249708537857,0.7182750291462143
5037,1,1,0.3974280938280273,0.6025719061719726
5038,1,1,0.3071221387441107,0.6928778612558892
5039,0,1,0.3203812866878367,0.6796187133121632
5040,1,1,0.300354352437512,0.699645647562488
5041,1,1,0.3624047780388749,0.6375952219611251
5042,1,1,0.3729863893347075,0.6270136106652925
5043,1,1,0.3141775769676439,0.6858224230323561
5044,1,1,0.3213865205895639,0.6786134794104361
5045,1,1,0.35242357398483515,0.6475764260151649
5046,1,1,0.2853152771374909,0.7146847228625092
5047,1,1,0.22939632354156603,0.7706036764584341
5048,1,1,0.3405985523027939,0.6594014476972061
5049,0,1,0.3463111330780695,0.6536888669219304
5050,1,1,0.3714497782232708,0.6285502217767291
5051,1,1,0.35018682933614875,0.6498131706638512
5052,0,1,0.35546588762479664,0.6445341123752034
5053,1,1,0.2855555108570948,0.7144444891429054
5054,1,1,0.2688537390410193,0.7311462609589807
5055,1,1,0.3003432335062668,0.6996567664937332
5056,1,1,0.35723952216233107,0.6427604778376688
5057,1,1,0.35347656302822544,0.6465234369717747
5058,0,1,0.22899595213199425,0.7710040478680058
5059,1,1,0.30705482235026654,0.6929451776497335
5060,1,1,0.24258270962293185,0.7574172903770681
5061,0,1,0.3675558992134208,0.6324441007865791
5062,1,1,0.362830146897537,0.637169853102463
5063,0,1,0.3014877704370206,0.6985122295629794
5064,0,1,0.2539142218357974,0.7460857781642024
5065,0,1,0.32308274492751243,0.6769172550724876
5066,0,1,0.3682138041297727,0.6317861958702273
5067,0,1,0.3936316415629357,0.6063683584370645
5068,0,1,0.3732437552645196,0.6267562447354805
5069,0,1,0.30413003306865455,0.6958699669313455
5070,1,1,0.347425629827719,0.6525743701722809
5071,0,1,0.38326565419439784,0.616734345805602
5072,1,1,0.34534232266459003,0.65465767733541
5073,0,1,0.32687119126819836,0.6731288087318017
5074,0,1,0.31296000526692586,0.6870399947330741
5075,0,1,0.3145638713968665,0.6854361286031335
5076,0,1,0.3103937830812288,0.6896062169187712
5077,0,1,0.4230776267896982,0.5769223732103019
5078,1,1,0.3579045453925912,0.6420954546074087
5079,1,1,0.309998646761311,0.690001353238689
5080,1,1,0.3089400854901094,0.6910599145098906
5081,1,1,0.30160962885677034,0.6983903711432295
5082,0,1,0.3747268151571419,0.625273184842858
5083,1,1,0.24271229659970817,0.7572877034002918
5084,1,1,0.32502314898240753,0.6749768510175925
5085,1,1,0.29992833983318457,0.7000716601668154
5086,0,1,0.3829723226114948,0.6170276773885053
5087,0,1,0.3688806108016904,0.6311193891983096
5088,1,1,0.28305964882843004,0.71694035117157
5089,1,1,0.3077269385648848,0.6922730614351152
5090,1,1,0.30673848861706904,0.693261511382931
5091,0,1,0.3488731466376145,0.6511268533623855
5092,0,1,0.3489687462588252,0.6510312537411748
5093,0,1,0.39114065156909356,0.6088593484309064
5094,1,1,0.2474242042608826,0.7525757957391173
5095,1,1,0.2921517834694032,0.7078482165305968
5096,1,1,0.3526570565030751,0.6473429434969249
5097,1,1,0.4741338480141925,0.5258661519858074
5098,0,1,0.38736100867666107,0.612638991323339
5099,0,1,0.29842172449628407,0.701578275503716
5100,0,1,0.4201778073625483,0.5798221926374516
5101,1,1,0.331715139047736,0.6682848609522639
5102,1,1,0.2748841079015675,0.7251158920984325
5103,0,1,0.2598258875085933,0.7401741124914067
5104,0,1,0.31546697439995836,0.6845330256000415
5105,0,1,0.2931307549521961,0.7068692450478039
5106,1,1,0.33989769186884106,0.660102308131159
5107,1,1,0.3201250064966032,0.6798749935033968
5108,0,1,0.31437243499147344,0.6856275650085266
5109,1,1,0.31937194239954425,0.6806280576004555
5110,0,1,0.3891663208466604,0.6108336791533395
5111,1,1,0.29489607209285856,0.7051039279071414
5112,0,1,0.3035086506069025,0.6964913493930974
5113,1,1,0.3346267532602071,0.6653732467397929
5114,1,1,0.3346488747891039,0.665351125210896
5115,1,1,0.33512577110484504,0.664874228895155
5116,0,1,0.2713375425541812,0.7286624574458187
5117,1,1,0.24762676665406336,0.7523732333459368
5118,1,1,0.3590632566199216,0.6409367433800784
5119,0,1,0.3635604622659984,0.6364395377340015
5120,0,1,0.35515532177125164,0.6448446782287485
5121,1,1,0.27756411339388837,0.7224358866061116
5122,1,1,0.3690554178465767,0.6309445821534233
5123,1,1,0.4346126737087635,0.5653873262912363
5124,0,1,0.34426279452737407,0.655737205472626
5125,1,1,0.23262139355959033,0.7673786064404098
5126,1,1,0.33588192316040877,0.6641180768395912
5127,0,1,0.3404410374910164,0.6595589625089835
5128,0,1,0.333603751186767,0.6663962488132329
5129,1,1,0.3554497390940127,0.6445502609059874
5130,0,1,0.31561694185675204,0.684383058143248
5131,0,1,0.4044123249877664,0.5955876750122336
5132,1,1,0.33365496725267696,0.666345032747323
5133,1,1,0.3425877756721138,0.6574122243278863
5134,0,1,0.3499408216190908,0.6500591783809092
5135,1,1,0.30297483807997416,0.6970251619200258
5136,0,1,0.3387629978520753,0.6612370021479247
5137,1,1,0.3226040536559695,0.6773959463440306
5138,1,1,0.3402359756412501,0.6597640243587499
5139,1,1,0.30181390757106724,0.6981860924289327
5140,0,1,0.30812599872314,0.69187400127686
5141,1,1,0.4071552839500296,0.5928447160499704
5142,0,1,0.30161468460621876,0.6983853153937813
5143,0,1,0.32482744530309704,0.675172554696903
5144,0,1,0.3106002019606589,0.6893997980393411
5145,1,1,0.3564095741769295,0.6435904258230705
5146,1,1,0.3825325907493495,0.6174674092506505
5147,1,1,0.36884870122790325,0.6311512987720966
5148,1,1,0.39540380202936426,0.6045961979706358
5149,1,1,0.38280417716768844,0.6171958228323116
5150,0,1,0.23446129062475057,0.7655387093752493
5151,0,1,0.31016527270796357,0.6898347272920364
5152,1,1,0.27850311109808856,0.7214968889019115
5153,0,1,0.3956473540561649,0.6043526459438351
5154,0,1,0.3036042468714497,0.6963957531285503
5155,1,1,0.2738744961052584,0.7261255038947416
5156,1,1,0.3674204180234785,0.6325795819765214
5157,1,1,0.34615979597141305,0.6538402040285869
5158,0,1,0.2731088559631413,0.7268911440368586
5159,1,1,0.322385834074036,0.677614165925964
5160,0,1,0.30214376633264184,0.6978562336673582
5161,0,1,0.33673808884316353,0.6632619111568365
5162,1,1,0.27595266475888863,0.7240473352411114
5163,1,1,0.36020265641872706,0.6397973435812729
5164,0,1,0.2926447951457299,0.7073552048542701
5165,0,1,0.3827754502471736,0.6172245497528264
5166,0,1,0.40929375645915167,0.5907062435408482
5167,0,1,0.33545906388975844,0.6645409361102416
5168,0,1,0.30377141269816604,0.6962285873018339
5169,1,1,0.3223372829571626,0.6776627170428375
5170,1,1,0.3265837350504932,0.6734162649495068
5171,0,1,0.2984418582710698,0.7015581417289303
5172,0,1,0.30534881282871823,0.6946511871712817
5173,0,1,0.3434347750140165,0.6565652249859837
5174,0,1,0.37222277225867745,0.6277772277413227
5175,0,1,0.33941528442653396,0.660584715573466
5176,1,1,0.34557472431257424,0.6544252756874257
5177,0,1,0.3085668938337811,0.6914331061662188
5178,0,1,0.37660086293342043,0.6233991370665795
5179,1,1,0.41647877669880584,0.5835212233011942
5180,1,1,0.34824005221963283,0.6517599477803672
5181,0,1,0.33905555163788703,0.660944448362113
5182,1,1,0.3018319306536035,0.6981680693463967
5183,1,1,0.40453397946808073,0.5954660205319194
5184,0,1,0.32550529237176373,0.6744947076282364
5185,1,1,0.3944081655412915,0.6055918344587086
5186,1,1,0.42103235509091785,0.5789676449090821
5187,0,1,0.37724146333508907,0.6227585366649109
5188,1,1,0.2916055578704437,0.7083944421295563
5189,0,1,0.3224003089879529,0.677599691012047
5190,1,1,0.33930696410232086,0.6606930358976792
5191,0,1,0.4046341349155305,0.5953658650844693
5192,1,1,0.3573607141344751,0.642639285865525
5193,1,1,0.2409765663786404,0.7590234336213595
5194,1,1,0.2754376271321032,0.7245623728678967
5195,0,1,0.38075202277141146,0.6192479772285886
5196,0,1,0.29272769915289987,0.7072723008471002
5197,0,1,0.3434897714247076,0.6565102285752924
5198,0,1,0.2566111767737239,0.743388823226276
5199,1,1,0.3605087374425755,0.6394912625574244
5200,1,1,0.33829252781247005,0.6617074721875298
5201,1,1,0.3700359625308846,0.6299640374691153
5202,0,1,0.40222344355002143,0.5977765564499784
5203,0,1,0.2958001562246281,0.7041998437753719
5204,1,1,0.34408362749494115,0.6559163725050587
5205,0,1,0.3149193835648612,0.6850806164351388
5206,0,1,0.3474166977196445,0.6525833022803555
5207,1,1,0.3500122346486638,0.6499877653513362
5208,1,1,0.2574253182582058,0.7425746817417942
5209,1,1,0.3033818044644322,0.6966181955355679
5210,0,1,0.3634742041105798,0.6365257958894202
5211,1,1,0.36578246254821645,0.6342175374517836
5212,0,1,0.3421250418773902,0.6578749581226098
5213,0,1,0.35012101752173935,0.6498789824782607
5214,0,1,0.43872461291227693,0.561275387087723
5215,0,1,0.2691852151798974,0.7308147848201026
5216,0,1,0.38183449007448145,0.6181655099255186
5217,1,1,0.2733353876948802,0.7266646123051198
5218,0,1,0.3186568697356647,0.6813431302643354
5219,0,1,0.42331587829825096,0.576684121701749
5220,0,1,0.3612579203493046,0.6387420796506954
5221,1,1,0.38965274471355094,0.6103472552864491
5222,0,1,0.29960371841676503,0.700396281583235
5223,1,1,0.27390684508146484,0.7260931549185352
5224,1,1,0.4101007171379022,0.5898992828620977
5225,0,1,0.3785925084066084,0.6214074915933916
5226,1,1,0.27059450680661135,0.7294054931933887
5227,1,1,0.2908828023389871,0.7091171976610129
5228,1,1,0.29915511645071163,0.7008448835492884
5229,0,1,0.33056842540440756,0.6694315745955923
5230,1,1,0.42208326365376037,0.5779167363462397
5231,0,1,0.3205562812542609,0.6794437187457391
5232,1,1,0.37360602423166117,0.6263939757683388
5233,0,1,0.3548070421707984,0.6451929578292015
5234,1,1,0.33708844526096615,0.6629115547390338
5235,0,1,0.30351083908411086,0.6964891609158892
5236,0,1,0.37700561384547654,0.6229943861545234
5237,1,1,0.33123849780735365,0.6687615021926463
5238,1,1,0.3310367767351334,0.6689632232648666
5239,1,1,0.3664074203901457,0.6335925796098543
5240,0,1,0.3337223420559809,0.666277657944019
5241,0,1,0.26410625715222935,0.7358937428477708
5242,1,1,0.28371689097771036,0.7162831090222896
5243,1,1,0.3929742242248002,0.6070257757751998
5244,1,1,0.3793063302248074,0.6206936697751926
5245,1,1,0.3319715368967311,0.6680284631032689
5246,0,1,0.2793746092803283,0.7206253907196716
5247,0,1,0.3672298430752541,0.6327701569247459
5248,1,1,0.42502714558021315,0.5749728544197867
5249,1,1,0.36386415083635415,0.6361358491636459
5250,1,1,0.292187714201286,0.7078122857987141
5251,1,1,0.3360798008075472,0.6639201991924528
5252,1,1,0.33424935439733794,0.6657506456026621
5253,1,1,0.2817859119692554,0.7182140880307446
5254,1,1,0.3083416339305982,0.6916583660694018
5255,1,1,0.42625983381636545,0.5737401661836344
5256,1,1,0.3519556895480633,0.6480443104519367
5257,1,1,0.367597293323122,0.632402706676878
5258,1,1,0.2957272591491677,0.7042727408508322
5259,1,1,0.3248178744965674,0.6751821255034327
5260,1,1,0.3474358792438856,0.6525641207561144
5261,1,1,0.3223122977973577,0.6776877022026424
5262,1,1,0.3204043771368086,0.6795956228631914
5263,1,1,0.2940171855873324,0.7059828144126676
5264,0,1,0.34778872520321535,0.6522112747967845
5265,0,1,0.3160445700390869,0.6839554299609132
5266,0,1,0.3101561116514391,0.6898438883485609
5267,0,1,0.3157727166651451,0.6842272833348548
5268,1,1,0.2854540138098056,0.7145459861901945
5269,0,1,0.3375362455459642,0.6624637544540359
5270,0,1,0.34819030118647865,0.6518096988135214
5271,1,1,0.22086633403957218,0.7791336659604279
5272,1,1,0.2583127109350995,0.7416872890649004
5273,1,1,0.3567735843885256,0.6432264156114744
5274,0,1,0.32263388909650076,0.6773661109034994
5275,1,1,0.29411060586221516,0.7058893941377847
5276,1,1,0.3146773844201213,0.6853226155798787
5277,1,1,0.34875946131082286,0.6512405386891771
5278,0,1,0.33416621704576455,0.6658337829542355
5279,0,1,0.33178388698542716,0.668216113014573
5280,1,1,0.288632312177387,0.711367687822613
5281,0,1,0.33288338932354766,0.6671166106764523
5282,0,1,0.37014993382180245,0.6298500661781975
5283,1,1,0.37099525205963196,0.629004747940368
5284,0,1,0.37085851987812996,0.6291414801218702
5285,0,1,0.31819608926402154,0.6818039107359783
5286,0,1,0.3435105534400965,0.6564894465599034
5287,1,1,0.3985975811207652,0.6014024188792347
5288,1,1,0.3053197095373892,0.6946802904626108
5289,0,1,0.23501791763452812,0.7649820823654718
5290,1,1,0.4041240493568886,0.5958759506431113
5291,1,1,0.34631843916609134,0.6536815608339086
5292,0,1,0.33636002067172804,0.6636399793282719
5293,1,1,0.3217785717161846,0.6782214282838155
5294,0,1,0.30901773934540994,0.69098226065459
5295,1,1,0.3332380113156249,0.6667619886843752
5296,1,1,0.34740681303150184,0.6525931869684982
5297,1,1,0.31797880986011734,0.6820211901398827
5298,1,1,0.35551944982366895,0.6444805501763311
5299,1,1,0.3516597267312199,0.6483402732687802
5300,0,1,0.29252430844414007,0.70747569155586
5301,1,1,0.2653189658497733,0.7346810341502267
5302,1,1,0.3501337724603493,0.6498662275396507
5303,1,1,0.2712732965565242,0.7287267034434759
5304,0,1,0.36101826763671585,0.638981732363284
5305,0,1,0.35500742935406543,0.6449925706459344
5306,1,1,0.36073347146082385,0.6392665285391762
5307,0,1,0.32225240451504383,0.6777475954849561
5308,0,1,0.3631603211586433,0.6368396788413568
5309,1,1,0.3987456408002253,0.6012543591997747
5310,0,1,0.31215760737642606,0.6878423926235738
5311,0,1,0.31595728878661533,0.6840427112133846
5312,0,1,0.3359211951690434,0.6640788048309566
5313,1,1,0.3067392212245302,0.6932607787754698
5314,0,1,0.37715265504953976,0.6228473449504601
5315,1,1,0.33267588641790174,0.6673241135820982
5316,1,1,0.29537363085214896,0.7046263691478512
5317,0,1,0.33661390323727164,0.6633860967627283
5318,0,1,0.34283907580247497,0.6571609241975249
5319,0,1,0.3192062547861107,0.6807937452138892
5320,1,1,0.40792465551040374,0.5920753444895963
5321,1,1,0.36159772745576535,0.6384022725442347
5322,0,1,0.38467611836539134,0.6153238816346087
5323,1,1,0.3275624451392816,0.6724375548607182
5324,1,1,0.39308475666187287,0.6069152433381271
5325,0,1,0.34212570052485747,0.6578742994751425
5326,1,1,0.3258154400787916,0.6741845599212084
5327,0,1,0.3014580239977366,0.6985419760022633
5328,0,1,0.29082301174240416,0.7091769882575958
5329,0,1,0.34184145865642596,0.658158541343574
5330,0,1,0.36446358914805826,0.6355364108519418
5331,1,1,0.34010550124100647,0.6598944987589934
5332,0,1,0.3822749520153598,0.6177250479846401
5333,1,1,0.29571059445365827,0.7042894055463418
5334,0,1,0.3736226232952231,0.6263773767047769
5335,1,1,0.4001069512333134,0.5998930487666865
5336,1,1,0.2787671008673873,0.7212328991326126
5337,0,1,0.33685074020602956,0.6631492597939704
5338,1,1,0.3745949953938097,0.6254050046061901
5339,0,1,0.2846310919470306,0.7153689080529694
5340,1,1,0.39136811800286864,0.6086318819971314
5341,0,1,0.32580523622166463,0.6741947637783354
5342,1,1,0.3115872742844241,0.6884127257155759
5343,1,1,0.3357822335133836,0.6642177664866162
5344,0,1,0.3671439154907251,0.6328560845092748
5345,1,1,0.34905507322791635,0.6509449267720837
5346,1,1,0.3552739346631549,0.644726065336845
5347,0,1,0.3970359826959414,0.6029640173040587
5348,0,1,0.31195109895481743,0.6880489010451826
5349,0,1,0.3155419137697758,0.6844580862302241
5350,1,1,0.3542670310607864,0.6457329689392136
5351,1,1,0.34487163657036757,0.6551283634296324
5352,1,1,0.310063998591387,0.6899360014086129
5353,1,1,0.3472623775697054,0.6527376224302945
5354,0,1,0.38119089647871307,0.6188091035212868
5355,0,1,0.22986750083504867,0.7701324991649512
5356,1,1,0.2816689596202502,0.7183310403797498
5357,0,1,0.2862528684333103,0.7137471315666897
5358,0,1,0.27653329479813854,0.7234667052018613
5359,1,1,0.3923765662662899,0.6076234337337099
5360,1,1,0.34353371816885764,0.6564662818311423
5361,0,1,0.3703796572609157,0.6296203427390843
5362,1,1,0.3522477211800585,0.6477522788199416
5363,1,1,0.3154087048310366,0.6845912951689634
5364,0,1,0.34024390788897013,0.6597560921110299
5365,0,1,0.3364215588512086,0.6635784411487915
5366,1,1,0.34841328822702405,0.6515867117729759
5367,1,1,0.36198538018333964,0.6380146198166603
5368,0,1,0.3282642267511469,0.6717357732488531
5369,1,1,0.32908776157461866,0.6709122384253814
5370,1,1,0.35691100275855087,0.6430889972414491
5371,0,1,0.4012178903036232,0.5987821096963769
5372,1,1,0.30221394177200606,0.697786058227994
5373,1,1,0.37308846370189286,0.6269115362981073
5374,1,1,0.41047375998725755,0.5895262400127425
5375,1,1,0.35003655950063234,0.6499634404993676
5376,0,1,0.3568291621981727,0.6431708378018274
5377,0,1,0.35348836270200296,0.6465116372979971
5378,1,1,0.32050414187301246,0.6794958581269877
5379,1,1,0.36227794727554186,0.637722052724458
5380,0,1,0.26595613624085207,0.7340438637591479
5381,1,1,0.3002954244736151,0.6997045755263849
5382,1,1,0.3582803155912334,0.6417196844087666
5383,0,1,0.34645979400331545,0.6535402059966846
5384,0,1,0.30763614987310334,0.6923638501268967
5385,0,1,0.3746398209996004,0.6253601790003998
5386,0,1,0.3785406218728713,0.6214593781271286
5387,1,1,0.33584915158569734,0.6641508484143027
5388,1,1,0.3855202136067685,0.6144797863932314
5389,1,1,0.2873455808487718,0.7126544191512281
5390,0,1,0.3162018559460865,0.6837981440539134
5391,0,1,0.3768489803850141,0.623151019614986
5392,0,1,0.3601231577203839,0.6398768422796162
5393,0,1,0.3839280485487177,0.6160719514512824
5394,0,1,0.36930260932176384,0.630697390678236
5395,1,1,0.3555898982834617,0.6444101017165382
5396,0,1,0.3215342037038528,0.6784657962961473
5397,1,1,0.41286887179807163,0.5871311282019285
5398,1,1,0.37458543688967644,0.6254145631103235
5399,0,1,0.4200043480210046,0.5799956519789953
5400,1,1,0.25034863461756324,0.7496513653824366
5401,1,1,0.3025875146238799,0.6974124853761201
5402,0,1,0.4077946337721527,0.5922053662278474
5403,0,1,0.3517323321295326,0.6482676678704673
5404,0,1,0.36828239236426646,0.6317176076357336
5405,0,1,0.3220431067509891,0.6779568932490109
5406,1,1,0.3284472894939802,0.6715527105060198
5407,1,1,0.39139563879035905,0.608604361209641
5408,1,1,0.3980112126210743,0.6019887873789256
5409,1,1,0.3508096563559744,0.6491903436440256
5410,0,1,0.33705111715116454,0.6629488828488355
5411,0,1,0.3059963267798493,0.6940036732201507
5412,0,1,0.36620981010462034,0.6337901898953797
5413,1,1,0.32128060174204076,0.6787193982579591
5414,1,1,0.3360650706638473,0.6639349293361527
5415,1,1,0.36760542101011556,0.6323945789898845
5416,0,1,0.3824536449656034,0.6175463550343966
5417,0,1,0.2457109573066059,0.7542890426933941
5418,0,1,0.28758551998924714,0.7124144800107528
5419,0,1,0.32052146907357715,0.6794785309264229
5420,1,1,0.283320313318135,0.716679686681865
5421,0,1,0.34560093355348864,0.6543990664465114
5422,0,1,0.3367640656381415,0.6632359343618586
5423,1,1,0.31512237642952,0.6848776235704801
5424,0,1,0.37868184055199666,0.6213181594480034
5425,1,1,0.4120133601572219,0.5879866398427781
5426,1,1,0.3368634027534566,0.6631365972465433
5427,1,1,0.3365249166710993,0.6634750833289007
5428,1,1,0.2581512988188067,0.7418487011811932
5429,0,1,0.2835464976885779,0.716453502311422
5430,0,1,0.31015381890178406,0.689846181098216
5431,1,1,0.3298810567216242,0.6701189432783758
5432,0,1,0.319776019846387,0.680223980153613
5433,1,1,0.3528183920381037,0.6471816079618964
5434,0,1,0.24650476824242132,0.7534952317575787
5435,1,1,0.2999743952806858,0.7000256047193143
5436,1,1,0.2971333240620984,0.7028666759379016
5437,1,1,0.34693641102463624,0.6530635889753639
5438,1,1,0.31878657056541326,0.6812134294345866
5439,0,1,0.3055251823775686,0.6944748176224314
5440,0,1,0.28769440250628187,0.712305597493718
5441,0,1,0.32867289193621846,0.6713271080637815
5442,0,1,0.3153710449732522,0.6846289550267477
5443,1,1,0.36178603511808416,0.6382139648819158
5444,1,1,0.2781331959475712,0.7218668040524289
5445,1,1,0.34584446571737815,0.6541555342826217
5446,1,1,0.30609881206253453,0.6939011879374655
5447,0,1,0.27973303792566373,0.7202669620743363
5448,0,1,0.37952071950145144,0.6204792804985485
5449,0,1,0.3812367973789746,0.6187632026210255
5450,0,1,0.36363368585618216,0.6363663141438178
5451,0,1,0.3159152102644942,0.6840847897355058
5452,0,1,0.30879634544752943,0.6912036545524705
5453,0,1,0.3036927916677855,0.6963072083322145
5454,0,1,0.34038739758918285,0.6596126024108171
5455,1,1,0.38805905774841937,0.6119409422515807
5456,1,1,0.3620116116365121,0.637988388363488
5457,0,1,0.3759886077172174,0.6240113922827826
5458,1,1,0.3650584287112376,0.6349415712887624
5459,0,1,0.39806419846744007,0.60193580153256
5460,1,1,0.35453792996961164,0.6454620700303886
5461,1,1,0.3548153353732911,0.6451846646267089
5462,1,1,0.3750036442394997,0.6249963557605003
